"data"	"variant"	"q"	"k"	"l"	"Tani"	"filesizea"	"filesizeb"	"realpositives"	"tp"	"fp"	"tn"	"fn"	"recall"	"precision"	"Fmeasure"	"RMSE"
"German Mortality"	"Standard CLK k = 5"	"2"	"5"	"500"	"1"	"14003"	"2466"	"896"	"748"	"0"	"148"	"34530502"	"0.834821428571429"	"1"	"0.917410714285714"	NA
"German Mortality"	"Standard CLK k = 5"	"2"	"5"	"500"	"0.95"	"14003"	"2466"	"896"	"753"	"0"	"143"	"34530502"	"0.840401785714286"	"1"	"0.920200892857143"	NA
"German Mortality"	"Standard CLK k = 5"	"2"	"5"	"500"	"0.9"	"14003"	"2466"	"896"	"763"	"0"	"133"	"34530502"	"0.8515625"	"1"	"0.92578125"	NA
"German Mortality"	"Standard CLK k = 5"	"2"	"5"	"500"	"0.85"	"14003"	"2466"	"896"	"788"	"1"	"108"	"34530501"	"0.879464285714286"	"0.99873257287706"	"0.939098429295673"	NA
"German Mortality"	"Standard CLK k = 5"	"2"	"5"	"500"	"0.8"	"14003"	"2466"	"896"	"816"	"1"	"80"	"34530501"	"0.910714285714286"	"0.998776009791922"	"0.954745147753104"	NA
"German Mortality"	"Standard CLK k = 10"	"2"	"10"	"500"	"1"	"14003"	"2466"	"896"	"748"	"0"	"148"	"34530502"	"0.834821428571429"	"1"	"0.917410714285714"	NA
"German Mortality"	"Standard CLK k = 10"	"2"	"10"	"500"	"0.95"	"14003"	"2466"	"896"	"755"	"0"	"141"	"34530502"	"0.842633928571429"	"1"	"0.921316964285714"	NA
"German Mortality"	"Standard CLK k = 10"	"2"	"10"	"500"	"0.9"	"14003"	"2466"	"896"	"767"	"0"	"129"	"34530502"	"0.856026785714286"	"1"	"0.928013392857143"	NA
"German Mortality"	"Standard CLK k = 10"	"2"	"10"	"500"	"0.85"	"14003"	"2466"	"896"	"795"	"0"	"101"	"34530502"	"0.887276785714286"	"1"	"0.943638392857143"	NA
"German Mortality"	"Standard CLK k = 10"	"2"	"10"	"500"	"0.8"	"14003"	"2466"	"896"	"826"	"2"	"70"	"34530500"	"0.921875"	"0.997584541062802"	"0.959729770531401"	NA
"German Mortality"	"Standard CLK k = 15"	"2"	"15"	"500"	"1"	"14003"	"2466"	"896"	"748"	"0"	"148"	"34530502"	"0.834821428571429"	"1"	"0.917410714285714"	NA
"German Mortality"	"Standard CLK k = 15"	"2"	"15"	"500"	"0.95"	"14003"	"2466"	"896"	"755"	"0"	"141"	"34530502"	"0.842633928571429"	"1"	"0.921316964285714"	NA
"German Mortality"	"Standard CLK k = 15"	"2"	"15"	"500"	"0.9"	"14003"	"2466"	"896"	"775"	"0"	"121"	"34530502"	"0.864955357142857"	"1"	"0.932477678571429"	NA
"German Mortality"	"Standard CLK k = 15"	"2"	"15"	"500"	"0.85"	"14003"	"2466"	"896"	"805"	"1"	"91"	"34530501"	"0.8984375"	"0.998759305210918"	"0.948598402605459"	NA
"German Mortality"	"Standard CLK k = 15"	"2"	"15"	"500"	"0.8"	"14003"	"2466"	"896"	"841"	"2"	"55"	"34530500"	"0.938616071428571"	"0.997627520759193"	"0.968121796093882"	NA
"German Mortality"	"Optimal Parameter choice (LM)"	"2"	"12"	"500"	"1"	"14003"	"2466"	"896"	"748"	"0"	"148"	"34530502"	"0.834821428571429"	"1"	"0.917410714285714"	"0.0253571013182969"
"German Mortality"	"Optimal Parameter choice (LM)"	"2"	"12"	"500"	"0.95"	"14003"	"2466"	"896"	"756"	"0"	"140"	"34530502"	"0.84375"	"1"	"0.921875"	"0.0253571013182969"
"German Mortality"	"Optimal Parameter choice (LM)"	"2"	"12"	"500"	"0.9"	"14003"	"2466"	"896"	"770"	"0"	"126"	"34530502"	"0.859375"	"1"	"0.9296875"	"0.0253571013182969"
"German Mortality"	"Optimal Parameter choice (LM)"	"2"	"12"	"500"	"0.85"	"14003"	"2466"	"896"	"797"	"1"	"99"	"34530501"	"0.889508928571429"	"0.99874686716792"	"0.944127897869674"	"0.0253571013182969"
"German Mortality"	"Optimal Parameter choice (LM)"	"2"	"12"	"500"	"0.8"	"14003"	"2466"	"896"	"832"	"1"	"64"	"34530501"	"0.928571428571429"	"0.998799519807923"	"0.963685474189676"	"0.0253571013182969"
"German Mortality"	"Optimal Parameter choice (BIC)"	"1"	"11"	"500"	"1"	"14003"	"2466"	"896"	"763"	"1"	"133"	"34530501"	"0.8515625"	"0.99869109947644"	"0.92512679973822"	"0.0162523263667408"
"German Mortality"	"Optimal Parameter choice (BIC)"	"1"	"11"	"500"	"0.95"	"14003"	"2466"	"896"	"781"	"3"	"115"	"34530499"	"0.871651785714286"	"0.996173469387755"	"0.93391262755102"	"0.0162523263667408"
"German Mortality"	"Optimal Parameter choice (BIC)"	"1"	"11"	"500"	"0.9"	"14003"	"2466"	"896"	"818"	"32"	"78"	"34530470"	"0.912946428571429"	"0.962352941176471"	"0.93764968487395"	"0.0162523263667408"
"German Mortality"	"Optimal Parameter choice (BIC)"	"1"	"11"	"500"	"0.85"	"14003"	"2466"	"896"	"847"	"224"	"49"	"34530278"	"0.9453125"	"0.790849673202614"	"0.868081086601307"	"0.0162523263667408"
"German Mortality"	"Optimal Parameter choice (BIC)"	"1"	"11"	"500"	"0.8"	"14003"	"2466"	"896"	"866"	"1445"	"30"	"34529057"	"0.966517857142857"	"0.374729554305495"	"0.670623705724176"	"0.0162523263667408"
"German Mortality"	"50%-Rule Parameter choice"	"2"	"17"	"500"	"1"	"14003"	"2466"	"896"	"748"	"0"	"148"	"34530502"	"0.834821428571429"	"1"	"0.917410714285714"	"0.0162523263667408"
"German Mortality"	"50%-Rule Parameter choice"	"2"	"17"	"500"	"0.95"	"14003"	"2466"	"896"	"757"	"0"	"139"	"34530502"	"0.844866071428571"	"1"	"0.922433035714286"	"0.0162523263667408"
"German Mortality"	"50%-Rule Parameter choice"	"2"	"17"	"500"	"0.9"	"14003"	"2466"	"896"	"775"	"0"	"121"	"34530502"	"0.864955357142857"	"1"	"0.932477678571429"	"0.0162523263667408"
"German Mortality"	"50%-Rule Parameter choice"	"2"	"17"	"500"	"0.85"	"14003"	"2466"	"896"	"806"	"1"	"90"	"34530501"	"0.899553571428571"	"0.998760842627014"	"0.949157207027792"	"0.0162523263667408"
"German Mortality"	"50%-Rule Parameter choice"	"2"	"17"	"500"	"0.8"	"14003"	"2466"	"896"	"844"	"2"	"52"	"34530500"	"0.941964285714286"	"0.997635933806147"	"0.969800109760216"	"0.0162523263667408"
"German Mortality"	"Optimal Parameter choice (RSM)"	"1"	"1"	"500"	"1"	"14003"	"2466"	"896"	"763"	"1"	"133"	"34530501"	"0.8515625"	"0.99869109947644"	"0.92512679973822"	"0.239599218347944"
"German Mortality"	"Optimal Parameter choice (RSM)"	"1"	"1"	"500"	"0.95"	"14003"	"2466"	"896"	"772"	"1"	"124"	"34530501"	"0.861607142857143"	"0.998706338939198"	"0.93015674089817"	"0.239599218347944"
"German Mortality"	"Optimal Parameter choice (RSM)"	"1"	"1"	"500"	"0.9"	"14003"	"2466"	"896"	"808"	"9"	"88"	"34530493"	"0.901785714285714"	"0.988984088127295"	"0.945384901206505"	"0.239599218347944"
"German Mortality"	"Optimal Parameter choice (RSM)"	"1"	"1"	"500"	"0.85"	"14003"	"2466"	"896"	"829"	"62"	"67"	"34530440"	"0.925223214285714"	"0.930415263748597"	"0.927819239017156"	"0.239599218347944"
"German Mortality"	"Optimal Parameter choice (RSM)"	"1"	"1"	"500"	"0.8"	"14003"	"2466"	"896"	"849"	"338"	"47"	"34530164"	"0.947544642857143"	"0.71524852569503"	"0.831396584276086"	"0.239599218347944"
"German Mortality"	"Optimal Parameter choice (RF)"	"1"	"10"	"500"	"1"	"14003"	"2466"	"896"	"763"	"1"	"133"	"34530501"	"0.8515625"	"0.99869109947644"	"0.92512679973822"	"0.0168036051304342"
"German Mortality"	"Optimal Parameter choice (RF)"	"1"	"10"	"500"	"0.95"	"14003"	"2466"	"896"	"783"	"2"	"113"	"34530500"	"0.873883928571429"	"0.997452229299363"	"0.935668078935396"	"0.0168036051304342"
"German Mortality"	"Optimal Parameter choice (RF)"	"1"	"10"	"500"	"0.9"	"14003"	"2466"	"896"	"815"	"28"	"81"	"34530474"	"0.909598214285714"	"0.966785290628707"	"0.938191752457211"	"0.0168036051304342"
"German Mortality"	"Optimal Parameter choice (RF)"	"1"	"10"	"500"	"0.85"	"14003"	"2466"	"896"	"844"	"185"	"52"	"34530317"	"0.941964285714286"	"0.820213799805637"	"0.881089042759961"	"0.0168036051304342"
"German Mortality"	"Optimal Parameter choice (RF)"	"1"	"10"	"500"	"0.8"	"14003"	"2466"	"896"	"864"	"1174"	"32"	"34529328"	"0.964285714285714"	"0.423945044160942"	"0.694115379223328"	"0.0168036051304342"
"German Mortality"	"Optimal Parameter choice (NN)"	"2"	"28"	"500"	"1"	"14003"	"2466"	"896"	"748"	"0"	"148"	"34530502"	"0.834821428571429"	"1"	"0.917410714285714"	"0.110135254047016"
"German Mortality"	"Optimal Parameter choice (NN)"	"2"	"28"	"500"	"0.95"	"14003"	"2466"	"896"	"760"	"0"	"136"	"34530502"	"0.848214285714286"	"1"	"0.924107142857143"	"0.110135254047016"
"German Mortality"	"Optimal Parameter choice (NN)"	"2"	"28"	"500"	"0.9"	"14003"	"2466"	"896"	"792"	"1"	"104"	"34530501"	"0.883928571428571"	"0.998738965952081"	"0.941333768690326"	"0.110135254047016"
"German Mortality"	"Optimal Parameter choice (NN)"	"2"	"28"	"500"	"0.85"	"14003"	"2466"	"896"	"834"	"2"	"62"	"34530500"	"0.930803571428571"	"0.997607655502392"	"0.964205613465482"	"0.110135254047016"
"German Mortality"	"Optimal Parameter choice (NN)"	"2"	"28"	"500"	"0.8"	"14003"	"2466"	"896"	"869"	"30"	"27"	"34530472"	"0.969866071428571"	"0.966629588431591"	"0.968247829930081"	"0.110135254047016"
"NC Voter"	"Standard CLK k = 5"	"2"	"5"	"500"	"1"	"50000"	"50000"	"50000"	"42996"	"261"	"7004"	"2499949739"	"0.85992"	"0.993966294472571"	"0.926943147236285"	NA
"NC Voter"	"Standard CLK k = 5"	"2"	"5"	"500"	"0.95"	"50000"	"50000"	"50000"	"43006"	"261"	"6994"	"2499949739"	"0.86012"	"0.993967689000855"	"0.927043844500428"	NA
"NC Voter"	"Standard CLK k = 5"	"2"	"5"	"500"	"0.9"	"50000"	"50000"	"50000"	"43224"	"454"	"6776"	"2499949546"	"0.86448"	"0.989605751179083"	"0.927042875589542"	NA
"NC Voter"	"Standard CLK k = 5"	"2"	"5"	"500"	"0.85"	"50000"	"50000"	"50000"	"43693"	"3387"	"6307"	"2499946613"	"0.87386"	"0.928058623619371"	"0.900959311809686"	NA
"NC Voter"	"Standard CLK k = 5"	"2"	"5"	"500"	"0.8"	"50000"	"50000"	"50000"	"44450"	"8794"	"5550"	"2499941206"	"0.889"	"0.834835850048832"	"0.861917925024416"	NA
"NC Voter"	"Standard CLK k = 10"	"2"	"10"	"500"	"1"	"50000"	"50000"	"50000"	"42996"	"261"	"7004"	"2499949739"	"0.85992"	"0.993966294472571"	"0.926943147236285"	NA
"NC Voter"	"Standard CLK k = 10"	"2"	"10"	"500"	"0.95"	"50000"	"50000"	"50000"	"43014"	"261"	"6986"	"2499949739"	"0.86028"	"0.993968804159445"	"0.927124402079723"	NA
"NC Voter"	"Standard CLK k = 10"	"2"	"10"	"500"	"0.9"	"50000"	"50000"	"50000"	"43258"	"636"	"6742"	"2499949364"	"0.86516"	"0.985510548138698"	"0.925335274069349"	NA
"NC Voter"	"Standard CLK k = 10"	"2"	"10"	"500"	"0.85"	"50000"	"50000"	"50000"	"43833"	"4745"	"6167"	"2499945255"	"0.87666"	"0.902322038782988"	"0.889491019391494"	NA
"NC Voter"	"Standard CLK k = 10"	"2"	"10"	"500"	"0.8"	"50000"	"50000"	"50000"	"44655"	"9527"	"5345"	"2499940473"	"0.8931"	"0.82416669742719"	"0.858633348713595"	NA
"NC Voter"	"Standard CLK k = 15"	"2"	"15"	"500"	"1"	"50000"	"50000"	"50000"	"42996"	"261"	"7004"	"2499949739"	"0.85992"	"0.993966294472571"	"0.926943147236285"	NA
"NC Voter"	"Standard CLK k = 15"	"2"	"15"	"500"	"0.95"	"50000"	"50000"	"50000"	"43022"	"263"	"6978"	"2499949737"	"0.86044"	"0.993923992145085"	"0.927181996072542"	NA
"NC Voter"	"Standard CLK k = 15"	"2"	"15"	"500"	"0.9"	"50000"	"50000"	"50000"	"43322"	"920"	"6678"	"2499949080"	"0.86644"	"0.979205280050631"	"0.922822640025315"	NA
"NC Voter"	"Standard CLK k = 15"	"2"	"15"	"500"	"0.85"	"50000"	"50000"	"50000"	"44008"	"5906"	"5992"	"2499944094"	"0.88016"	"0.881676483551709"	"0.880918241775855"	NA
"NC Voter"	"Standard CLK k = 15"	"2"	"15"	"500"	"0.8"	"50000"	"50000"	"50000"	"44872"	"10112"	"5128"	"2499939888"	"0.89744"	"0.816091954022989"	"0.856765977011494"	NA
"NC Voter"	"Optimal Parameter choice (LM)"	"2"	"30"	"500"	"1"	"50000"	"50000"	"50000"	"42996"	"261"	"7004"	"2499949739"	"0.85992"	"0.993966294472571"	"0.926943147236285"	"2120.30895956533"
"NC Voter"	"Optimal Parameter choice (LM)"	"2"	"30"	"500"	"0.95"	"50000"	"50000"	"50000"	"43080"	"276"	"6920"	"2499949724"	"0.8616"	"0.993634099086632"	"0.927617049543316"	"2120.30895956533"
"NC Voter"	"Optimal Parameter choice (LM)"	"2"	"30"	"500"	"0.9"	"50000"	"50000"	"50000"	"43605"	"2816"	"6395"	"2499947184"	"0.8721"	"0.939337799702721"	"0.90571889985136"	"2120.30895956533"
"NC Voter"	"Optimal Parameter choice (LM)"	"2"	"30"	"500"	"0.85"	"50000"	"50000"	"50000"	"44646"	"8512"	"5354"	"2499941488"	"0.89292"	"0.839873584408744"	"0.866396792204372"	"2120.30895956533"
"NC Voter"	"Optimal Parameter choice (LM)"	"2"	"30"	"500"	"0.8"	"50000"	"50000"	"50000"	"45666"	"12766"	"4334"	"2499937234"	"0.91332"	"0.781523822562979"	"0.84742191128149"	"2120.30895956533"
"NC Voter"	"Optimal Parameter choice (BIC)"	"1"	"12"	"500"	"1"	"50000"	"50000"	"50000"	"43421"	"411"	"6579"	"2499949589"	"0.86842"	"0.990623288921336"	"0.929521644460668"	"80.3117402438966"
"NC Voter"	"Optimal Parameter choice (BIC)"	"1"	"12"	"500"	"0.95"	"50000"	"50000"	"50000"	"43597"	"516"	"6403"	"2499949484"	"0.87194"	"0.988302767891551"	"0.930121383945776"	"80.3117402438966"
"NC Voter"	"Optimal Parameter choice (BIC)"	"1"	"12"	"500"	"0.9"	"50000"	"50000"	"50000"	"44508"	"2007"	"5492"	"2499947993"	"0.89016"	"0.956852628184457"	"0.923506314092228"	"80.3117402438966"
"NC Voter"	"Optimal Parameter choice (BIC)"	"1"	"12"	"500"	"0.85"	"50000"	"50000"	"50000"	"45690"	"8177"	"4310"	"2499941823"	"0.9138"	"0.84820019678096"	"0.88100009839048"	"80.3117402438966"
"NC Voter"	"Optimal Parameter choice (BIC)"	"1"	"12"	"500"	"0.8"	"50000"	"50000"	"50000"	"46605"	"25366"	"3395"	"2499924634"	"0.9321"	"0.647552486418141"	"0.78982624320907"	"80.3117402438966"
"NC Voter"	"50%-Rule Parameter choice"	"2"	"27"	"500"	"1"	"50000"	"50000"	"50000"	"42996"	"261"	"7004"	"2499949739"	"0.85992"	"0.993966294472571"	"0.926943147236285"	"80.3117402438966"
"NC Voter"	"50%-Rule Parameter choice"	"2"	"27"	"500"	"0.95"	"50000"	"50000"	"50000"	"43060"	"270"	"6940"	"2499949730"	"0.8612"	"0.993768751442419"	"0.927484375721209"	"80.3117402438966"
"NC Voter"	"50%-Rule Parameter choice"	"2"	"27"	"500"	"0.9"	"50000"	"50000"	"50000"	"43534"	"2311"	"6466"	"2499947689"	"0.87068"	"0.949591013196641"	"0.91013550659832"	"80.3117402438966"
"NC Voter"	"50%-Rule Parameter choice"	"2"	"27"	"500"	"0.85"	"50000"	"50000"	"50000"	"44498"	"8071"	"5502"	"2499941929"	"0.88996"	"0.846468450988225"	"0.868214225494113"	"80.3117402438966"
"NC Voter"	"50%-Rule Parameter choice"	"2"	"27"	"500"	"0.8"	"50000"	"50000"	"50000"	"45478"	"11963"	"4522"	"2499938037"	"0.90956"	"0.791734127191379"	"0.85064706359569"	"80.3117402438966"
"NC Voter"	"Optimal Parameter choice (RSM)"	"1"	"1"	"500"	"1"	"50000"	"50000"	"50000"	"43435"	"430"	"6565"	"2499949570"	"0.8687"	"0.990197195942095"	"0.929448597971048"	"0.380037140105002"
"NC Voter"	"Optimal Parameter choice (RSM)"	"1"	"1"	"500"	"0.95"	"50000"	"50000"	"50000"	"43445"	"432"	"6555"	"2499949568"	"0.8689"	"0.990154294960913"	"0.929527147480457"	"0.380037140105002"
"NC Voter"	"Optimal Parameter choice (RSM)"	"1"	"1"	"500"	"0.9"	"50000"	"50000"	"50000"	"44268"	"1553"	"5732"	"2499948447"	"0.88536"	"0.966107243403679"	"0.92573362170184"	"0.380037140105002"
"NC Voter"	"Optimal Parameter choice (RSM)"	"1"	"1"	"500"	"0.85"	"50000"	"50000"	"50000"	"45162"	"4905"	"4838"	"2499945095"	"0.90324"	"0.902031278087363"	"0.902635639043681"	"0.380037140105002"
"NC Voter"	"Optimal Parameter choice (RSM)"	"1"	"1"	"500"	"0.8"	"50000"	"50000"	"50000"	"45976"	"11712"	"4024"	"2499938288"	"0.91952"	"0.796976840937457"	"0.858248420468728"	"0.380037140105002"
"NC Voter"	"Optimal Parameter choice (RF)"	"1"	"26"	"500"	"1"	"50000"	"50000"	"50000"	"43421"	"411"	"6579"	"2499949589"	"0.86842"	"0.990623288921336"	"0.929521644460668"	"0.0392350467476038"
"NC Voter"	"Optimal Parameter choice (RF)"	"1"	"26"	"500"	"0.95"	"50000"	"50000"	"50000"	"43814"	"735"	"6186"	"2499949265"	"0.87628"	"0.983501313160789"	"0.929890656580395"	"0.0392350467476038"
"NC Voter"	"Optimal Parameter choice (RF)"	"1"	"26"	"500"	"0.9"	"50000"	"50000"	"50000"	"45164"	"4586"	"4836"	"2499945414"	"0.90328"	"0.907819095477387"	"0.905549547738693"	"0.0392350467476038"
"NC Voter"	"Optimal Parameter choice (RF)"	"1"	"26"	"500"	"0.85"	"50000"	"50000"	"50000"	"46419"	"19781"	"3581"	"2499930219"	"0.92838"	"0.70119335347432"	"0.81478667673716"	"0.0392350467476038"
"NC Voter"	"Optimal Parameter choice (RF)"	"1"	"26"	"500"	"0.8"	"50000"	"50000"	"50000"	"47460"	"98281"	"2540"	"2499851719"	"0.9492"	"0.325646180553173"	"0.637423090276587"	"0.0392350467476038"
"NC Voter"	"Optimal Parameter choice (NN)"	"2"	"32"	"500"	"1"	"50000"	"50000"	"50000"	"42996"	"261"	"7004"	"2499949739"	"0.85992"	"0.993966294472571"	"0.926943147236285"	"0.0770675479773875"
"NC Voter"	"Optimal Parameter choice (NN)"	"2"	"32"	"500"	"0.95"	"50000"	"50000"	"50000"	"43093"	"292"	"6907"	"2499949708"	"0.86186"	"0.993269563213092"	"0.927564781606546"	"0.0770675479773875"
"NC Voter"	"Optimal Parameter choice (NN)"	"2"	"32"	"500"	"0.9"	"50000"	"50000"	"50000"	"43670"	"3171"	"6330"	"2499946829"	"0.8734"	"0.932302897034649"	"0.902851448517324"	"0.0770675479773875"
"NC Voter"	"Optimal Parameter choice (NN)"	"2"	"32"	"500"	"0.85"	"50000"	"50000"	"50000"	"44726"	"8800"	"5274"	"2499941200"	"0.89452"	"0.835593916974928"	"0.865056958487464"	"0.0770675479773875"
"NC Voter"	"Optimal Parameter choice (NN)"	"2"	"32"	"500"	"0.8"	"50000"	"50000"	"50000"	"45780"	"13647"	"4220"	"2499936353"	"0.9156"	"0.770356908475945"	"0.842978454237973"	"0.0770675479773875"
"German Telephone CD 20% errors"	"Standard CLK k = 5"	"2"	"5"	"500"	"1"	"10000"	"10000"	"10000"	"8056"	"0"	"1944"	"99990000"	"0.8056"	"1"	"0.9028"	NA
"German Telephone CD 20% errors"	"Standard CLK k = 5"	"2"	"5"	"500"	"0.95"	"10000"	"10000"	"10000"	"8081"	"0"	"1919"	"99990000"	"0.8081"	"1"	"0.90405"	NA
"German Telephone CD 20% errors"	"Standard CLK k = 5"	"2"	"5"	"500"	"0.9"	"10000"	"10000"	"10000"	"8143"	"0"	"1857"	"99990000"	"0.8143"	"1"	"0.90715"	NA
"German Telephone CD 20% errors"	"Standard CLK k = 5"	"2"	"5"	"500"	"0.85"	"10000"	"10000"	"10000"	"8280"	"1"	"1720"	"99989999"	"0.828"	"0.999879241637483"	"0.913939620818742"	NA
"German Telephone CD 20% errors"	"Standard CLK k = 5"	"2"	"5"	"500"	"0.8"	"10000"	"10000"	"10000"	"8522"	"1"	"1478"	"99989999"	"0.8522"	"0.999882670421213"	"0.926041335210606"	NA
"German Telephone CD 20% errors"	"Standard CLK k = 10"	"2"	"10"	"500"	"1"	"10000"	"10000"	"10000"	"8056"	"0"	"1944"	"99990000"	"0.8056"	"1"	"0.9028"	NA
"German Telephone CD 20% errors"	"Standard CLK k = 10"	"2"	"10"	"500"	"0.95"	"10000"	"10000"	"10000"	"8093"	"0"	"1907"	"99990000"	"0.8093"	"1"	"0.90465"	NA
"German Telephone CD 20% errors"	"Standard CLK k = 10"	"2"	"10"	"500"	"0.9"	"10000"	"10000"	"10000"	"8169"	"0"	"1831"	"99990000"	"0.8169"	"1"	"0.90845"	NA
"German Telephone CD 20% errors"	"Standard CLK k = 10"	"2"	"10"	"500"	"0.85"	"10000"	"10000"	"10000"	"8358"	"1"	"1642"	"99989999"	"0.8358"	"0.999880368465127"	"0.917840184232564"	NA
"German Telephone CD 20% errors"	"Standard CLK k = 10"	"2"	"10"	"500"	"0.8"	"10000"	"10000"	"10000"	"8610"	"3"	"1390"	"99989997"	"0.861"	"0.999651689306862"	"0.930325844653431"	NA
"German Telephone CD 20% errors"	"Standard CLK k = 15"	"2"	"15"	"500"	"1"	"10000"	"10000"	"10000"	"8056"	"0"	"1944"	"99990000"	"0.8056"	"1"	"0.9028"	NA
"German Telephone CD 20% errors"	"Standard CLK k = 15"	"2"	"15"	"500"	"0.95"	"10000"	"10000"	"10000"	"8100"	"0"	"1900"	"99990000"	"0.81"	"1"	"0.905"	NA
"German Telephone CD 20% errors"	"Standard CLK k = 15"	"2"	"15"	"500"	"0.9"	"10000"	"10000"	"10000"	"8199"	"0"	"1801"	"99990000"	"0.8199"	"1"	"0.90995"	NA
"German Telephone CD 20% errors"	"Standard CLK k = 15"	"2"	"15"	"500"	"0.85"	"10000"	"10000"	"10000"	"8429"	"1"	"1571"	"99989999"	"0.8429"	"0.99988137603796"	"0.92139068801898"	NA
"German Telephone CD 20% errors"	"Standard CLK k = 15"	"2"	"15"	"500"	"0.8"	"10000"	"10000"	"10000"	"8712"	"6"	"1288"	"99989994"	"0.8712"	"0.999311768754301"	"0.935255884377151"	NA
"German Telephone CD 20% errors"	"Optimal Parameter choice (LM)"	"1"	"12"	"500"	"1"	"10000"	"10000"	"10000"	"8481"	"1"	"1519"	"99989999"	"0.8481"	"0.999882103277529"	"0.923991051638764"	"0.0201802832258782"
"German Telephone CD 20% errors"	"Optimal Parameter choice (LM)"	"1"	"12"	"500"	"0.95"	"10000"	"10000"	"10000"	"8871"	"13"	"1129"	"99989987"	"0.8871"	"0.99853669518235"	"0.942818347591175"	"0.0201802832258782"
"German Telephone CD 20% errors"	"Optimal Parameter choice (LM)"	"1"	"12"	"500"	"0.9"	"10000"	"10000"	"10000"	"9501"	"77"	"499"	"99989923"	"0.9501"	"0.991960743370223"	"0.971030371685112"	"0.0201802832258782"
"German Telephone CD 20% errors"	"Optimal Parameter choice (LM)"	"1"	"12"	"500"	"0.85"	"10000"	"10000"	"10000"	"9829"	"694"	"171"	"99989306"	"0.9829"	"0.934049225506034"	"0.958474612753017"	"0.0201802832258782"
"German Telephone CD 20% errors"	"Optimal Parameter choice (LM)"	"1"	"12"	"500"	"0.8"	"10000"	"10000"	"10000"	"9950"	"4224"	"50"	"99985776"	"0.995"	"0.701989558346268"	"0.848494779173134"	"0.0201802832258782"
"German Telephone CD 20% errors"	"Optimal Parameter choice (BIC)"	"1"	"1"	"500"	"1"	"10000"	"10000"	"10000"	"8494"	"1"	"1506"	"99989999"	"0.8494"	"0.999882283696292"	"0.924641141848146"	"0.0190468132254322"
"German Telephone CD 20% errors"	"Optimal Parameter choice (BIC)"	"1"	"1"	"500"	"0.95"	"10000"	"10000"	"10000"	"8615"	"3"	"1385"	"99989997"	"0.8615"	"0.999651891390114"	"0.930575945695057"	"0.0190468132254322"
"German Telephone CD 20% errors"	"Optimal Parameter choice (BIC)"	"1"	"1"	"500"	"0.9"	"10000"	"10000"	"10000"	"9279"	"43"	"721"	"99989957"	"0.9279"	"0.995387255953658"	"0.961643627976829"	"0.0190468132254322"
"German Telephone CD 20% errors"	"Optimal Parameter choice (BIC)"	"1"	"1"	"500"	"0.85"	"10000"	"10000"	"10000"	"9676"	"196"	"324"	"99989804"	"0.9676"	"0.980145867098866"	"0.973872933549433"	"0.0190468132254322"
"German Telephone CD 20% errors"	"Optimal Parameter choice (BIC)"	"1"	"1"	"500"	"0.8"	"10000"	"10000"	"10000"	"9875"	"1040"	"125"	"99988960"	"0.9875"	"0.904718277599634"	"0.946109138799817"	"0.0190468132254322"
"German Telephone CD 20% errors"	"50%-Rule Parameter choice"	"2"	"17"	"500"	"1"	"10000"	"10000"	"10000"	"8056"	"0"	"1944"	"99990000"	"0.8056"	"1"	"0.9028"	"0.0190468132254322"
"German Telephone CD 20% errors"	"50%-Rule Parameter choice"	"2"	"17"	"500"	"0.95"	"10000"	"10000"	"10000"	"8103"	"0"	"1897"	"99990000"	"0.8103"	"1"	"0.90515"	"0.0190468132254322"
"German Telephone CD 20% errors"	"50%-Rule Parameter choice"	"2"	"17"	"500"	"0.9"	"10000"	"10000"	"10000"	"8213"	"0"	"1787"	"99990000"	"0.8213"	"1"	"0.91065"	"0.0190468132254322"
"German Telephone CD 20% errors"	"50%-Rule Parameter choice"	"2"	"17"	"500"	"0.85"	"10000"	"10000"	"10000"	"8465"	"1"	"1535"	"99989999"	"0.8465"	"0.999881880463029"	"0.923190940231514"	"0.0190468132254322"
"German Telephone CD 20% errors"	"50%-Rule Parameter choice"	"2"	"17"	"500"	"0.8"	"10000"	"10000"	"10000"	"8759"	"7"	"1241"	"99989993"	"0.8759"	"0.999201460187086"	"0.937550730093543"	"0.0190468132254322"
"German Telephone CD 20% errors"	"Optimal Parameter choice (RSM)"	"1"	"1"	"500"	"1"	"10000"	"10000"	"10000"	"8494"	"1"	"1506"	"99989999"	"0.8494"	"0.999882283696292"	"0.924641141848146"	"0.162638534018939"
"German Telephone CD 20% errors"	"Optimal Parameter choice (RSM)"	"1"	"1"	"500"	"0.95"	"10000"	"10000"	"10000"	"8615"	"3"	"1385"	"99989997"	"0.8615"	"0.999651891390114"	"0.930575945695057"	"0.162638534018939"
"German Telephone CD 20% errors"	"Optimal Parameter choice (RSM)"	"1"	"1"	"500"	"0.9"	"10000"	"10000"	"10000"	"9279"	"43"	"721"	"99989957"	"0.9279"	"0.995387255953658"	"0.961643627976829"	"0.162638534018939"
"German Telephone CD 20% errors"	"Optimal Parameter choice (RSM)"	"1"	"1"	"500"	"0.85"	"10000"	"10000"	"10000"	"9676"	"196"	"324"	"99989804"	"0.9676"	"0.980145867098866"	"0.973872933549433"	"0.162638534018939"
"German Telephone CD 20% errors"	"Optimal Parameter choice (RSM)"	"1"	"1"	"500"	"0.8"	"10000"	"10000"	"10000"	"9875"	"1040"	"125"	"99988960"	"0.9875"	"0.904718277599634"	"0.946109138799817"	"0.162638534018939"
"German Telephone CD 20% errors"	"Optimal Parameter choice (RF)"	"1"	"16"	"500"	"1"	"10000"	"10000"	"10000"	"8481"	"1"	"1519"	"99989999"	"0.8481"	"0.999882103277529"	"0.923991051638764"	"0.0073363336786287"
"German Telephone CD 20% errors"	"Optimal Parameter choice (RF)"	"1"	"16"	"500"	"0.95"	"10000"	"10000"	"10000"	"8948"	"13"	"1052"	"99989987"	"0.8948"	"0.998549269054793"	"0.946674634527397"	"0.0073363336786287"
"German Telephone CD 20% errors"	"Optimal Parameter choice (RF)"	"1"	"16"	"500"	"0.9"	"10000"	"10000"	"10000"	"9568"	"152"	"432"	"99989848"	"0.9568"	"0.984362139917696"	"0.970581069958848"	"0.0073363336786287"
"German Telephone CD 20% errors"	"Optimal Parameter choice (RF)"	"1"	"16"	"500"	"0.85"	"10000"	"10000"	"10000"	"9870"	"1235"	"130"	"99988765"	"0.987"	"0.888788833858622"	"0.937894416929311"	"0.0073363336786287"
"German Telephone CD 20% errors"	"Optimal Parameter choice (RF)"	"1"	"16"	"500"	"0.8"	"10000"	"10000"	"10000"	"9969"	"8114"	"31"	"99981886"	"0.9969"	"0.551291268041807"	"0.774095634020904"	"0.0073363336786287"
"German Telephone CD 20% errors"	"Optimal Parameter choice (NN)"	"2"	"30"	"500"	"1"	"10000"	"10000"	"10000"	"8056"	"0"	"1944"	"99990000"	"0.8056"	"1"	"0.9028"	"0.102635737633502"
"German Telephone CD 20% errors"	"Optimal Parameter choice (NN)"	"2"	"30"	"500"	"0.95"	"10000"	"10000"	"10000"	"8123"	"0"	"1877"	"99990000"	"0.8123"	"1"	"0.90615"	"0.102635737633502"
"German Telephone CD 20% errors"	"Optimal Parameter choice (NN)"	"2"	"30"	"500"	"0.9"	"10000"	"10000"	"10000"	"8372"	"1"	"1628"	"99989999"	"0.8372"	"0.999880568493969"	"0.918540284246984"	"0.102635737633502"
"German Telephone CD 20% errors"	"Optimal Parameter choice (NN)"	"2"	"30"	"500"	"0.85"	"10000"	"10000"	"10000"	"8770"	"7"	"1230"	"99989993"	"0.877"	"0.999202460977555"	"0.938101230488777"	"0.102635737633502"
"German Telephone CD 20% errors"	"Optimal Parameter choice (NN)"	"2"	"30"	"500"	"0.8"	"10000"	"10000"	"10000"	"9225"	"61"	"775"	"99989939"	"0.9225"	"0.993430971354728"	"0.957965485677364"	"0.102635737633502"
"German Telephone CD 0% errors"	"Standard CLK k = 5"	"2"	"5"	"500"	"1"	"10000"	"10000"	"10000"	"10000"	"0"	"0"	"99990000"	"1"	"1"	"1"	NA
"German Telephone CD 0% errors"	"Standard CLK k = 5"	"2"	"5"	"500"	"0.95"	"10000"	"10000"	"10000"	"10000"	"0"	"0"	"99990000"	"1"	"1"	"1"	NA
"German Telephone CD 0% errors"	"Standard CLK k = 5"	"2"	"5"	"500"	"0.9"	"10000"	"10000"	"10000"	"10000"	"0"	"0"	"99990000"	"1"	"1"	"1"	NA
"German Telephone CD 0% errors"	"Standard CLK k = 5"	"2"	"5"	"500"	"0.85"	"10000"	"10000"	"10000"	"10000"	"2"	"0"	"99989998"	"1"	"0.999800039992002"	"0.999900019996001"	NA
"German Telephone CD 0% errors"	"Standard CLK k = 5"	"2"	"5"	"500"	"0.8"	"10000"	"10000"	"10000"	"10000"	"2"	"0"	"99989998"	"1"	"0.999800039992002"	"0.999900019996001"	NA
"German Telephone CD 0% errors"	"Standard CLK k = 10"	"2"	"10"	"500"	"1"	"10000"	"10000"	"10000"	"10000"	"0"	"0"	"99990000"	"1"	"1"	"1"	NA
"German Telephone CD 0% errors"	"Standard CLK k = 10"	"2"	"10"	"500"	"0.95"	"10000"	"10000"	"10000"	"10000"	"0"	"0"	"99990000"	"1"	"1"	"1"	NA
"German Telephone CD 0% errors"	"Standard CLK k = 10"	"2"	"10"	"500"	"0.9"	"10000"	"10000"	"10000"	"10000"	"0"	"0"	"99990000"	"1"	"1"	"1"	NA
"German Telephone CD 0% errors"	"Standard CLK k = 10"	"2"	"10"	"500"	"0.85"	"10000"	"10000"	"10000"	"10000"	"2"	"0"	"99989998"	"1"	"0.999800039992002"	"0.999900019996001"	NA
"German Telephone CD 0% errors"	"Standard CLK k = 10"	"2"	"10"	"500"	"0.8"	"10000"	"10000"	"10000"	"10000"	"4"	"0"	"99989996"	"1"	"0.999600159936026"	"0.999800079968013"	NA
"German Telephone CD 0% errors"	"Standard CLK k = 15"	"2"	"15"	"500"	"1"	"10000"	"10000"	"10000"	"10000"	"0"	"0"	"99990000"	"1"	"1"	"1"	NA
"German Telephone CD 0% errors"	"Standard CLK k = 15"	"2"	"15"	"500"	"0.95"	"10000"	"10000"	"10000"	"10000"	"0"	"0"	"99990000"	"1"	"1"	"1"	NA
"German Telephone CD 0% errors"	"Standard CLK k = 15"	"2"	"15"	"500"	"0.9"	"10000"	"10000"	"10000"	"10000"	"0"	"0"	"99990000"	"1"	"1"	"1"	NA
"German Telephone CD 0% errors"	"Standard CLK k = 15"	"2"	"15"	"500"	"0.85"	"10000"	"10000"	"10000"	"10000"	"2"	"0"	"99989998"	"1"	"0.999800039992002"	"0.999900019996001"	NA
"German Telephone CD 0% errors"	"Standard CLK k = 15"	"2"	"15"	"500"	"0.8"	"10000"	"10000"	"10000"	"10000"	"8"	"0"	"99989992"	"1"	"0.999200639488409"	"0.999600319744205"	NA
"German Telephone CD 0% errors"	"Optimal Parameter choice (LM)"	"1"	"12"	"500"	"1"	"10000"	"10000"	"10000"	"10000"	"2"	"0"	"99989998"	"1"	"0.999800039992002"	"0.999900019996001"	"0.0209112737244638"
"German Telephone CD 0% errors"	"Optimal Parameter choice (LM)"	"1"	"12"	"500"	"0.95"	"10000"	"10000"	"10000"	"10000"	"14"	"0"	"99989986"	"1"	"0.998601957259836"	"0.999300978629918"	"0.0209112737244638"
"German Telephone CD 0% errors"	"Optimal Parameter choice (LM)"	"1"	"12"	"500"	"0.9"	"10000"	"10000"	"10000"	"10000"	"86"	"0"	"99989914"	"1"	"0.99147332936744"	"0.99573666468372"	"0.0209112737244638"
"German Telephone CD 0% errors"	"Optimal Parameter choice (LM)"	"1"	"12"	"500"	"0.85"	"10000"	"10000"	"10000"	"10000"	"762"	"0"	"99989238"	"1"	"0.929195316855603"	"0.964597658427802"	"0.0209112737244638"
"German Telephone CD 0% errors"	"Optimal Parameter choice (LM)"	"1"	"12"	"500"	"0.8"	"10000"	"10000"	"10000"	"10000"	"4544"	"0"	"99985456"	"1"	"0.687568756875688"	"0.843784378437844"	"0.0209112737244638"
"German Telephone CD 0% errors"	"Optimal Parameter choice (BIC)"	"1"	"1"	"500"	"1"	"10000"	"10000"	"10000"	"10000"	"2"	"0"	"99989998"	"1"	"0.999800039992002"	"0.999900019996001"	"0.017880622022316"
"German Telephone CD 0% errors"	"Optimal Parameter choice (BIC)"	"1"	"1"	"500"	"0.95"	"10000"	"10000"	"10000"	"10000"	"4"	"0"	"99989996"	"1"	"0.999600159936026"	"0.999800079968013"	"0.017880622022316"
"German Telephone CD 0% errors"	"Optimal Parameter choice (BIC)"	"1"	"1"	"500"	"0.9"	"10000"	"10000"	"10000"	"10000"	"46"	"0"	"99989954"	"1"	"0.995421063109695"	"0.997710531554848"	"0.017880622022316"
"German Telephone CD 0% errors"	"Optimal Parameter choice (BIC)"	"1"	"1"	"500"	"0.85"	"10000"	"10000"	"10000"	"10000"	"220"	"0"	"99989780"	"1"	"0.978473581213307"	"0.989236790606654"	"0.017880622022316"
"German Telephone CD 0% errors"	"Optimal Parameter choice (BIC)"	"1"	"1"	"500"	"0.8"	"10000"	"10000"	"10000"	"10000"	"1148"	"0"	"99988852"	"1"	"0.897021887334051"	"0.948510943667025"	"0.017880622022316"
"German Telephone CD 0% errors"	"50%-Rule Parameter choice"	"2"	"17"	"500"	"1"	"10000"	"10000"	"10000"	"10000"	"0"	"0"	"99990000"	"1"	"1"	"1"	"0.017880622022316"
"German Telephone CD 0% errors"	"50%-Rule Parameter choice"	"2"	"17"	"500"	"0.95"	"10000"	"10000"	"10000"	"10000"	"0"	"0"	"99990000"	"1"	"1"	"1"	"0.017880622022316"
"German Telephone CD 0% errors"	"50%-Rule Parameter choice"	"2"	"17"	"500"	"0.9"	"10000"	"10000"	"10000"	"10000"	"0"	"0"	"99990000"	"1"	"1"	"1"	"0.017880622022316"
"German Telephone CD 0% errors"	"50%-Rule Parameter choice"	"2"	"17"	"500"	"0.85"	"10000"	"10000"	"10000"	"10000"	"2"	"0"	"99989998"	"1"	"0.999800039992002"	"0.999900019996001"	"0.017880622022316"
"German Telephone CD 0% errors"	"50%-Rule Parameter choice"	"2"	"17"	"500"	"0.8"	"10000"	"10000"	"10000"	"10000"	"10"	"0"	"99989990"	"1"	"0.999000999000999"	"0.999500499500499"	"0.017880622022316"
"German Telephone CD 0% errors"	"Optimal Parameter choice (RSM)"	"1"	"1"	"500"	"1"	"10000"	"10000"	"10000"	"10000"	"2"	"0"	"99989998"	"1"	"0.999800039992002"	"0.999900019996001"	"0.285634755731541"
"German Telephone CD 0% errors"	"Optimal Parameter choice (RSM)"	"1"	"1"	"500"	"0.95"	"10000"	"10000"	"10000"	"10000"	"4"	"0"	"99989996"	"1"	"0.999600159936026"	"0.999800079968013"	"0.285634755731541"
"German Telephone CD 0% errors"	"Optimal Parameter choice (RSM)"	"1"	"1"	"500"	"0.9"	"10000"	"10000"	"10000"	"10000"	"46"	"0"	"99989954"	"1"	"0.995421063109695"	"0.997710531554848"	"0.285634755731541"
"German Telephone CD 0% errors"	"Optimal Parameter choice (RSM)"	"1"	"1"	"500"	"0.85"	"10000"	"10000"	"10000"	"10000"	"220"	"0"	"99989780"	"1"	"0.978473581213307"	"0.989236790606654"	"0.285634755731541"
"German Telephone CD 0% errors"	"Optimal Parameter choice (RSM)"	"1"	"1"	"500"	"0.8"	"10000"	"10000"	"10000"	"10000"	"1148"	"0"	"99988852"	"1"	"0.897021887334051"	"0.948510943667025"	"0.285634755731541"
"German Telephone CD 0% errors"	"Optimal Parameter choice (RF)"	"3"	"29"	"500"	"1"	"10000"	"10000"	"10000"	"10000"	"0"	"0"	"99990000"	"1"	"1"	"1"	"0.00988417876898439"
"German Telephone CD 0% errors"	"Optimal Parameter choice (RF)"	"3"	"29"	"500"	"0.95"	"10000"	"10000"	"10000"	"10000"	"0"	"0"	"99990000"	"1"	"1"	"1"	"0.00988417876898439"
"German Telephone CD 0% errors"	"Optimal Parameter choice (RF)"	"3"	"29"	"500"	"0.9"	"10000"	"10000"	"10000"	"10000"	"0"	"0"	"99990000"	"1"	"1"	"1"	"0.00988417876898439"
"German Telephone CD 0% errors"	"Optimal Parameter choice (RF)"	"3"	"29"	"500"	"0.85"	"10000"	"10000"	"10000"	"10000"	"0"	"0"	"99990000"	"1"	"1"	"1"	"0.00988417876898439"
"German Telephone CD 0% errors"	"Optimal Parameter choice (RF)"	"3"	"29"	"500"	"0.8"	"10000"	"10000"	"10000"	"10000"	"2"	"0"	"99989998"	"1"	"0.999800039992002"	"0.999900019996001"	"0.00988417876898439"
"German Telephone CD 0% errors"	"Optimal Parameter choice (NN)"	"2"	"30"	"500"	"1"	"10000"	"10000"	"10000"	"10000"	"0"	"0"	"99990000"	"1"	"1"	"1"	"0.0623762491202075"
"German Telephone CD 0% errors"	"Optimal Parameter choice (NN)"	"2"	"30"	"500"	"0.95"	"10000"	"10000"	"10000"	"10000"	"0"	"0"	"99990000"	"1"	"1"	"1"	"0.0623762491202075"
"German Telephone CD 0% errors"	"Optimal Parameter choice (NN)"	"2"	"30"	"500"	"0.9"	"10000"	"10000"	"10000"	"10000"	"2"	"0"	"99989998"	"1"	"0.999800039992002"	"0.999900019996001"	"0.0623762491202075"
"German Telephone CD 0% errors"	"Optimal Parameter choice (NN)"	"2"	"30"	"500"	"0.85"	"10000"	"10000"	"10000"	"10000"	"10"	"0"	"99989990"	"1"	"0.999000999000999"	"0.999500499500499"	"0.0623762491202075"
"German Telephone CD 0% errors"	"Optimal Parameter choice (NN)"	"2"	"30"	"500"	"0.8"	"10000"	"10000"	"10000"	"10000"	"76"	"0"	"99989924"	"1"	"0.992457324335054"	"0.996228662167527"	"0.0623762491202075"
"FEBRL"	"Standard CLK k = 5"	"2"	"5"	"500"	"1"	"10000"	"10000"	"10000"	"8005"	"0"	"1995"	"99990000"	"0.8005"	"1"	"0.90025"	NA
"FEBRL"	"Standard CLK k = 5"	"2"	"5"	"500"	"0.95"	"10000"	"10000"	"10000"	"8062"	"0"	"1938"	"99990000"	"0.8062"	"1"	"0.9031"	NA
"FEBRL"	"Standard CLK k = 5"	"2"	"5"	"500"	"0.9"	"10000"	"10000"	"10000"	"8305"	"0"	"1695"	"99990000"	"0.8305"	"1"	"0.91525"	NA
"FEBRL"	"Standard CLK k = 5"	"2"	"5"	"500"	"0.85"	"10000"	"10000"	"10000"	"8784"	"0"	"1216"	"99990000"	"0.8784"	"1"	"0.9392"	NA
"FEBRL"	"Standard CLK k = 5"	"2"	"5"	"500"	"0.8"	"10000"	"10000"	"10000"	"9376"	"4"	"624"	"99989996"	"0.9376"	"0.999573560767591"	"0.968586780383795"	NA
"FEBRL"	"Standard CLK k = 10"	"2"	"10"	"500"	"1"	"10000"	"10000"	"10000"	"8005"	"0"	"1995"	"99990000"	"0.8005"	"1"	"0.90025"	NA
"FEBRL"	"Standard CLK k = 10"	"2"	"10"	"500"	"0.95"	"10000"	"10000"	"10000"	"8087"	"0"	"1913"	"99990000"	"0.8087"	"1"	"0.90435"	NA
"FEBRL"	"Standard CLK k = 10"	"2"	"10"	"500"	"0.9"	"10000"	"10000"	"10000"	"8402"	"0"	"1598"	"99990000"	"0.8402"	"1"	"0.9201"	NA
"FEBRL"	"Standard CLK k = 10"	"2"	"10"	"500"	"0.85"	"10000"	"10000"	"10000"	"8969"	"0"	"1031"	"99990000"	"0.8969"	"1"	"0.94845"	NA
"FEBRL"	"Standard CLK k = 10"	"2"	"10"	"500"	"0.8"	"10000"	"10000"	"10000"	"9564"	"6"	"436"	"99989994"	"0.9564"	"0.999373040752351"	"0.977886520376176"	NA
"FEBRL"	"Standard CLK k = 15"	"2"	"15"	"500"	"1"	"10000"	"10000"	"10000"	"8005"	"0"	"1995"	"99990000"	"0.8005"	"1"	"0.90025"	NA
"FEBRL"	"Standard CLK k = 15"	"2"	"15"	"500"	"0.95"	"10000"	"10000"	"10000"	"8109"	"0"	"1891"	"99990000"	"0.8109"	"1"	"0.90545"	NA
"FEBRL"	"Standard CLK k = 15"	"2"	"15"	"500"	"0.9"	"10000"	"10000"	"10000"	"8473"	"0"	"1527"	"99990000"	"0.8473"	"1"	"0.92365"	NA
"FEBRL"	"Standard CLK k = 15"	"2"	"15"	"500"	"0.85"	"10000"	"10000"	"10000"	"9178"	"1"	"822"	"99989999"	"0.9178"	"0.999891055670552"	"0.958845527835276"	NA
"FEBRL"	"Standard CLK k = 15"	"2"	"15"	"500"	"0.8"	"10000"	"10000"	"10000"	"9666"	"10"	"334"	"99989990"	"0.9666"	"0.99896651508888"	"0.98278325754444"	NA
"FEBRL"	"Optimal Parameter choice (LM)"	"2"	"15"	"500"	"1"	"10000"	"10000"	"10000"	"8005"	"0"	"1995"	"99990000"	"0.8005"	"1"	"0.90025"	"0.0186954145405804"
"FEBRL"	"Optimal Parameter choice (LM)"	"2"	"15"	"500"	"0.95"	"10000"	"10000"	"10000"	"8109"	"0"	"1891"	"99990000"	"0.8109"	"1"	"0.90545"	"0.0186954145405804"
"FEBRL"	"Optimal Parameter choice (LM)"	"2"	"15"	"500"	"0.9"	"10000"	"10000"	"10000"	"8473"	"0"	"1527"	"99990000"	"0.8473"	"1"	"0.92365"	"0.0186954145405804"
"FEBRL"	"Optimal Parameter choice (LM)"	"2"	"15"	"500"	"0.85"	"10000"	"10000"	"10000"	"9178"	"1"	"822"	"99989999"	"0.9178"	"0.999891055670552"	"0.958845527835276"	"0.0186954145405804"
"FEBRL"	"Optimal Parameter choice (LM)"	"2"	"15"	"500"	"0.8"	"10000"	"10000"	"10000"	"9666"	"10"	"334"	"99989990"	"0.9666"	"0.99896651508888"	"0.98278325754444"	"0.0186954145405804"
"FEBRL"	"Optimal Parameter choice (BIC)"	"1"	"7"	"500"	"1"	"10000"	"10000"	"10000"	"8495"	"28"	"1505"	"99989972"	"0.8495"	"0.996714771793969"	"0.923107385896985"	"0.0102847486867211"
"FEBRL"	"Optimal Parameter choice (BIC)"	"1"	"7"	"500"	"0.95"	"10000"	"10000"	"10000"	"8784"	"41"	"1216"	"99989959"	"0.8784"	"0.995354107648725"	"0.936877053824363"	"0.0102847486867211"
"FEBRL"	"Optimal Parameter choice (BIC)"	"1"	"7"	"500"	"0.9"	"10000"	"10000"	"10000"	"9516"	"275"	"484"	"99989725"	"0.9516"	"0.971912981309366"	"0.961756490654683"	"0.0102847486867211"
"FEBRL"	"Optimal Parameter choice (BIC)"	"1"	"7"	"500"	"0.85"	"10000"	"10000"	"10000"	"9866"	"1043"	"134"	"99988957"	"0.9866"	"0.904390869923916"	"0.945495434961958"	"0.0102847486867211"
"FEBRL"	"Optimal Parameter choice (BIC)"	"1"	"7"	"500"	"0.8"	"10000"	"10000"	"10000"	"9915"	"3723"	"85"	"99986277"	"0.9915"	"0.727012758468984"	"0.859256379234492"	"0.0102847486867211"
"FEBRL"	"50%-Rule Parameter choice"	"2"	"18"	"500"	"1"	"10000"	"10000"	"10000"	"8005"	"0"	"1995"	"99990000"	"0.8005"	"1"	"0.90025"	"0.0102847486867211"
"FEBRL"	"50%-Rule Parameter choice"	"2"	"18"	"500"	"0.95"	"10000"	"10000"	"10000"	"8125"	"0"	"1875"	"99990000"	"0.8125"	"1"	"0.90625"	"0.0102847486867211"
"FEBRL"	"50%-Rule Parameter choice"	"2"	"18"	"500"	"0.9"	"10000"	"10000"	"10000"	"8556"	"0"	"1444"	"99990000"	"0.8556"	"1"	"0.9278"	"0.0102847486867211"
"FEBRL"	"50%-Rule Parameter choice"	"2"	"18"	"500"	"0.85"	"10000"	"10000"	"10000"	"9279"	"1"	"721"	"99989999"	"0.9279"	"0.99989224137931"	"0.963896120689655"	"0.0102847486867211"
"FEBRL"	"50%-Rule Parameter choice"	"2"	"18"	"500"	"0.8"	"10000"	"10000"	"10000"	"9721"	"26"	"279"	"99989974"	"0.9721"	"0.99733251256797"	"0.984716256283985"	"0.0102847486867211"
"FEBRL"	"Optimal Parameter choice (RSM)"	"1"	"1"	"500"	"1"	"10000"	"10000"	"10000"	"8517"	"28"	"1483"	"99989972"	"0.8517"	"0.99672322995904"	"0.92421161497952"	"0.212730828021561"
"FEBRL"	"Optimal Parameter choice (RSM)"	"1"	"1"	"500"	"0.95"	"10000"	"10000"	"10000"	"8593"	"34"	"1407"	"99989966"	"0.8593"	"0.996058884896256"	"0.927679442448128"	"0.212730828021561"
"FEBRL"	"Optimal Parameter choice (RSM)"	"1"	"1"	"500"	"0.9"	"10000"	"10000"	"10000"	"9384"	"225"	"616"	"99989775"	"0.9384"	"0.976584452076179"	"0.957492226038089"	"0.212730828021561"
"FEBRL"	"Optimal Parameter choice (RSM)"	"1"	"1"	"500"	"0.85"	"10000"	"10000"	"10000"	"9847"	"844"	"153"	"99989156"	"0.9847"	"0.921055093068937"	"0.952877546534468"	"0.212730828021561"
"FEBRL"	"Optimal Parameter choice (RSM)"	"1"	"1"	"500"	"0.8"	"10000"	"10000"	"10000"	"9904"	"2519"	"96"	"99987481"	"0.9904"	"0.797230942606456"	"0.893815471303228"	"0.212730828021561"
"FEBRL"	"Optimal Parameter choice (RF)"	"1"	"8"	"500"	"1"	"10000"	"10000"	"10000"	"8495"	"28"	"1505"	"99989972"	"0.8495"	"0.996714771793969"	"0.923107385896985"	"0.0112368181880926"
"FEBRL"	"Optimal Parameter choice (RF)"	"1"	"8"	"500"	"0.95"	"10000"	"10000"	"10000"	"8821"	"46"	"1179"	"99989954"	"0.8821"	"0.994812225104319"	"0.93845611255216"	"0.0112368181880926"
"FEBRL"	"Optimal Parameter choice (RF)"	"1"	"8"	"500"	"0.9"	"10000"	"10000"	"10000"	"9552"	"286"	"448"	"99989714"	"0.9552"	"0.970929050620045"	"0.963064525310022"	"0.0112368181880926"
"FEBRL"	"Optimal Parameter choice (RF)"	"1"	"8"	"500"	"0.85"	"10000"	"10000"	"10000"	"9869"	"1124"	"131"	"99988876"	"0.9869"	"0.89775311561903"	"0.942326557809515"	"0.0112368181880926"
"FEBRL"	"Optimal Parameter choice (RF)"	"1"	"8"	"500"	"0.8"	"10000"	"10000"	"10000"	"9919"	"4218"	"81"	"99985782"	"0.9919"	"0.701634010044564"	"0.846767005022282"	"0.0112368181880926"
"FEBRL"	"Optimal Parameter choice (NN)"	"2"	"30"	"500"	"1"	"10000"	"10000"	"10000"	"8005"	"0"	"1995"	"99990000"	"0.8005"	"1"	"0.90025"	"0.0909670518821396"
"FEBRL"	"Optimal Parameter choice (NN)"	"2"	"30"	"500"	"0.95"	"10000"	"10000"	"10000"	"8212"	"0"	"1788"	"99990000"	"0.8212"	"1"	"0.9106"	"0.0909670518821396"
"FEBRL"	"Optimal Parameter choice (NN)"	"2"	"30"	"500"	"0.9"	"10000"	"10000"	"10000"	"8978"	"0"	"1022"	"99990000"	"0.8978"	"1"	"0.9489"	"0.0909670518821396"
"FEBRL"	"Optimal Parameter choice (NN)"	"2"	"30"	"500"	"0.85"	"10000"	"10000"	"10000"	"9652"	"29"	"348"	"99989971"	"0.9652"	"0.997004441689908"	"0.981102220844954"	"0.0909670518821396"
"FEBRL"	"Optimal Parameter choice (NN)"	"2"	"30"	"500"	"0.8"	"10000"	"10000"	"10000"	"9857"	"224"	"143"	"99989776"	"0.9857"	"0.977779982144628"	"0.981739991072314"	"0.0909670518821396"
"FEBRL WA"	"Standard CLK k = 5"	"2"	"5"	"500"	"1"	"100000"	"100000"	"100000"	"51971"	"0"	"48029"	"9999900000"	"0.51971"	"1"	"0.759855"	NA
"FEBRL WA"	"Standard CLK k = 5"	"2"	"5"	"500"	"0.95"	"100000"	"100000"	"100000"	"52899"	"0"	"47101"	"9999900000"	"0.52899"	"1"	"0.764495"	NA
"FEBRL WA"	"Standard CLK k = 5"	"2"	"5"	"500"	"0.9"	"100000"	"100000"	"100000"	"56671"	"0"	"43329"	"9999900000"	"0.56671"	"1"	"0.783355"	NA
"FEBRL WA"	"Standard CLK k = 5"	"2"	"5"	"500"	"0.85"	"100000"	"100000"	"100000"	"60962"	"7"	"39038"	"9999899993"	"0.60962"	"0.999885187554331"	"0.804752593777165"	NA
"FEBRL WA"	"Standard CLK k = 5"	"2"	"5"	"500"	"0.8"	"100000"	"100000"	"100000"	"63254"	"24"	"36746"	"9999899976"	"0.63254"	"0.999620721261734"	"0.816080360630867"	NA
"FEBRL WA"	"Standard CLK k = 10"	"2"	"10"	"500"	"1"	"100000"	"100000"	"100000"	"51969"	"0"	"48031"	"9999900000"	"0.51969"	"1"	"0.759845"	NA
"FEBRL WA"	"Standard CLK k = 10"	"2"	"10"	"500"	"0.95"	"100000"	"100000"	"100000"	"53289"	"0"	"46711"	"9999900000"	"0.53289"	"1"	"0.766445"	NA
"FEBRL WA"	"Standard CLK k = 10"	"2"	"10"	"500"	"0.9"	"100000"	"100000"	"100000"	"57642"	"1"	"42358"	"9999899999"	"0.57642"	"0.999982651839772"	"0.788201325919886"	NA
"FEBRL WA"	"Standard CLK k = 10"	"2"	"10"	"500"	"0.85"	"100000"	"100000"	"100000"	"61655"	"10"	"38345"	"9999899990"	"0.61655"	"0.999837833454958"	"0.808193916727479"	NA
"FEBRL WA"	"Standard CLK k = 10"	"2"	"10"	"500"	"0.8"	"100000"	"100000"	"100000"	"64067"	"47"	"35933"	"9999899953"	"0.64067"	"0.999266930779549"	"0.819968465389775"	NA
"FEBRL WA"	"Standard CLK k = 15"	"2"	"15"	"500"	"1"	"100000"	"100000"	"100000"	"51969"	"0"	"48031"	"9999900000"	"0.51969"	"1"	"0.759845"	NA
"FEBRL WA"	"Standard CLK k = 15"	"2"	"15"	"500"	"0.95"	"100000"	"100000"	"100000"	"53714"	"0"	"46286"	"9999900000"	"0.53714"	"1"	"0.76857"	NA
"FEBRL WA"	"Standard CLK k = 15"	"2"	"15"	"500"	"0.9"	"100000"	"100000"	"100000"	"58640"	"3"	"41360"	"9999899997"	"0.5864"	"0.999948842999164"	"0.793174421499582"	NA
"FEBRL WA"	"Standard CLK k = 15"	"2"	"15"	"500"	"0.85"	"100000"	"100000"	"100000"	"62306"	"13"	"37694"	"9999899987"	"0.62306"	"0.999791395882476"	"0.811425697941238"	NA
"FEBRL WA"	"Standard CLK k = 15"	"2"	"15"	"500"	"0.8"	"100000"	"100000"	"100000"	"65056"	"88"	"34944"	"9999899912"	"0.65056"	"0.998649146506202"	"0.824604573253101"	NA
"FEBRL WA"	"Optimal Parameter choice (LM)"	"2"	"24"	"500"	"1"	"100000"	"100000"	"100000"	"51969"	"0"	"48031"	"9999900000"	"0.51969"	"1"	"0.759845"	"1657.5582306564"
"FEBRL WA"	"Optimal Parameter choice (LM)"	"2"	"24"	"500"	"0.95"	"100000"	"100000"	"100000"	"54551"	"0"	"45449"	"9999900000"	"0.54551"	"1"	"0.772755"	"1657.5582306564"
"FEBRL WA"	"Optimal Parameter choice (LM)"	"2"	"24"	"500"	"0.9"	"100000"	"100000"	"100000"	"60294"	"6"	"39706"	"9999899994"	"0.60294"	"0.999900497512438"	"0.801420248756219"	"1657.5582306564"
"FEBRL WA"	"Optimal Parameter choice (LM)"	"2"	"24"	"500"	"0.85"	"100000"	"100000"	"100000"	"63621"	"49"	"36379"	"9999899951"	"0.63621"	"0.999230406784985"	"0.817720203392493"	"1657.5582306564"
"FEBRL WA"	"Optimal Parameter choice (LM)"	"2"	"24"	"500"	"0.8"	"100000"	"100000"	"100000"	"67531"	"439"	"32469"	"9999899561"	"0.67531"	"0.993541268206562"	"0.834425634103281"	"1657.5582306564"
"FEBRL WA"	"Optimal Parameter choice (BIC)"	"1"	"18"	"500"	"1"	"100000"	"100000"	"100000"	"54426"	"68"	"45574"	"9999899932"	"0.54426"	"0.998752156200683"	"0.771506078100341"	"11.9654465302929"
"FEBRL WA"	"Optimal Parameter choice (BIC)"	"1"	"18"	"500"	"0.95"	"100000"	"100000"	"100000"	"58319"	"457"	"41681"	"9999899543"	"0.58319"	"0.992224717571798"	"0.787707358785899"	"11.9654465302929"
"FEBRL WA"	"Optimal Parameter choice (BIC)"	"1"	"18"	"500"	"0.9"	"100000"	"100000"	"100000"	"63079"	"4144"	"36921"	"9999895856"	"0.63079"	"0.938354432262767"	"0.784572216131384"	"11.9654465302929"
"FEBRL WA"	"Optimal Parameter choice (BIC)"	"1"	"18"	"500"	"0.85"	"100000"	"100000"	"100000"	"65481"	"33944"	"34519"	"9999866056"	"0.65481"	"0.658596932361076"	"0.656703466180538"	"11.9654465302929"
"FEBRL WA"	"Optimal Parameter choice (BIC)"	"1"	"18"	"500"	"0.8"	"100000"	"100000"	"100000"	"67973"	"268155"	"32027"	"9999631845"	"0.67973"	"0.202223557692308"	"0.440976778846154"	"11.9654465302929"
"FEBRL WA"	"50%-Rule Parameter choice"	"2"	"20"	"500"	"1"	"100000"	"100000"	"100000"	"51969"	"0"	"48031"	"9999900000"	"0.51969"	"1"	"0.759845"	"11.9654465302929"
"FEBRL WA"	"50%-Rule Parameter choice"	"2"	"20"	"500"	"0.95"	"100000"	"100000"	"100000"	"54138"	"0"	"45862"	"9999900000"	"0.54138"	"1"	"0.77069"	"11.9654465302929"
"FEBRL WA"	"50%-Rule Parameter choice"	"2"	"20"	"500"	"0.9"	"100000"	"100000"	"100000"	"59603"	"4"	"40397"	"9999899996"	"0.59603"	"0.999932893787642"	"0.797981446893821"	"11.9654465302929"
"FEBRL WA"	"50%-Rule Parameter choice"	"2"	"20"	"500"	"0.85"	"100000"	"100000"	"100000"	"63033"	"27"	"36967"	"9999899973"	"0.63033"	"0.999571836346337"	"0.814950918173168"	"11.9654465302929"
"FEBRL WA"	"50%-Rule Parameter choice"	"2"	"20"	"500"	"0.8"	"100000"	"100000"	"100000"	"66305"	"220"	"33695"	"9999899780"	"0.66305"	"0.996692972566704"	"0.829871486283352"	"11.9654465302929"
"FEBRL WA"	"Optimal Parameter choice (RSM)"	"1"	"1"	"500"	"1"	"100000"	"100000"	"100000"	"54500"	"74"	"45500"	"9999899926"	"0.545"	"0.998644042950856"	"0.771822021475428"	"0.270004038352461"
"FEBRL WA"	"Optimal Parameter choice (RSM)"	"1"	"1"	"500"	"0.95"	"100000"	"100000"	"100000"	"55009"	"97"	"44991"	"9999899903"	"0.55009"	"0.998239756106413"	"0.774164878053207"	"0.270004038352461"
"FEBRL WA"	"Optimal Parameter choice (RSM)"	"1"	"1"	"500"	"0.9"	"100000"	"100000"	"100000"	"60792"	"1092"	"39208"	"9999898908"	"0.60792"	"0.982354081830522"	"0.795137040915261"	"0.270004038352461"
"FEBRL WA"	"Optimal Parameter choice (RSM)"	"1"	"1"	"500"	"0.85"	"100000"	"100000"	"100000"	"63979"	"5819"	"36021"	"9999894181"	"0.63979"	"0.916630849021462"	"0.778210424510731"	"0.270004038352461"
"FEBRL WA"	"Optimal Parameter choice (RSM)"	"1"	"1"	"500"	"0.8"	"100000"	"100000"	"100000"	"65341"	"26081"	"34659"	"9999873919"	"0.65341"	"0.714718557896349"	"0.684064278948174"	"0.270004038352461"
"FEBRL WA"	"Optimal Parameter choice (RF)"	"1"	"29"	"500"	"1"	"100000"	"100000"	"100000"	"54426"	"68"	"45574"	"9999899932"	"0.54426"	"0.998752156200683"	"0.771506078100341"	"0.135905411171667"
"FEBRL WA"	"Optimal Parameter choice (RF)"	"1"	"29"	"500"	"0.95"	"100000"	"100000"	"100000"	"59777"	"806"	"40223"	"9999899194"	"0.59777"	"0.986695937804335"	"0.792232968902167"	"0.135905411171667"
"FEBRL WA"	"Optimal Parameter choice (RF)"	"1"	"29"	"500"	"0.9"	"100000"	"100000"	"100000"	"64365"	"12233"	"35635"	"9999887767"	"0.64365"	"0.840296091281757"	"0.741973045640878"	"0.135905411171667"
"FEBRL WA"	"Optimal Parameter choice (RF)"	"1"	"29"	"500"	"0.85"	"100000"	"100000"	"100000"	"67079"	"178597"	"32921"	"9999721403"	"0.67079"	"0.273038473436559"	"0.471914236718279"	"0.135905411171667"
"FEBRL WA"	"Optimal Parameter choice (RF)"	"1"	"29"	"500"	"0.8"	"100000"	"100000"	"100000"	"72356"	"2251816"	"27644"	"9997648184"	"0.72356"	"0.0311319472052843"	"0.377345973602642"	"0.135905411171667"
"FEBRL WA"	"Optimal Parameter choice (NN)"	"2"	"30"	"500"	"1"	"100000"	"100000"	"100000"	"51969"	"0"	"48031"	"9999900000"	"0.51969"	"1"	"0.759845"	"0.211918836426325"
"FEBRL WA"	"Optimal Parameter choice (NN)"	"2"	"30"	"500"	"0.95"	"100000"	"100000"	"100000"	"55252"	"0"	"44748"	"9999900000"	"0.55252"	"1"	"0.77626"	"0.211918836426325"
"FEBRL WA"	"Optimal Parameter choice (NN)"	"2"	"30"	"500"	"0.9"	"100000"	"100000"	"100000"	"61312"	"9"	"38688"	"9999899991"	"0.61312"	"0.999853231356305"	"0.806486615678153"	"0.211918836426325"
"FEBRL WA"	"Optimal Parameter choice (NN)"	"2"	"30"	"500"	"0.85"	"100000"	"100000"	"100000"	"64724"	"129"	"35276"	"9999899871"	"0.64724"	"0.998010886157926"	"0.822625443078963"	"0.211918836426325"
"FEBRL WA"	"Optimal Parameter choice (NN)"	"2"	"30"	"500"	"0.8"	"100000"	"100000"	"100000"	"70278"	"1779"	"29722"	"9999898221"	"0.70278"	"0.9753112119572"	"0.8390456059786"	"0.211918836426325"
"Mortality Test Data"	"Standard CLK k = 5"	"2"	"5"	"500"	"1"	"14003"	"7635"	"6592"	"5001"	"11"	"1591"	"106906302"	"0.758646844660194"	"0.99780526735834"	"0.878226056009267"	NA
"Mortality Test Data"	"Standard CLK k = 5"	"2"	"5"	"500"	"0.95"	"14003"	"7635"	"6592"	"5015"	"11"	"1577"	"106906302"	"0.760770631067961"	"0.997811380819737"	"0.879291005943849"	NA
"Mortality Test Data"	"Standard CLK k = 5"	"2"	"5"	"500"	"0.9"	"14003"	"7635"	"6592"	"5090"	"14"	"1502"	"106906299"	"0.772148058252427"	"0.997257053291536"	"0.884702555771982"	NA
"Mortality Test Data"	"Standard CLK k = 5"	"2"	"5"	"500"	"0.85"	"14003"	"7635"	"6592"	"5301"	"19"	"1291"	"106906294"	"0.804156553398058"	"0.996428571428571"	"0.900292562413315"	NA
"Mortality Test Data"	"Standard CLK k = 5"	"2"	"5"	"500"	"0.8"	"14003"	"7635"	"6592"	"5658"	"27"	"934"	"106906286"	"0.858313106796116"	"0.995250659630607"	"0.926781883213362"	NA
"Mortality Test Data"	"Standard CLK k = 10"	"2"	"10"	"500"	"1"	"14003"	"7635"	"6592"	"5001"	"11"	"1591"	"106906302"	"0.758646844660194"	"0.99780526735834"	"0.878226056009267"	NA
"Mortality Test Data"	"Standard CLK k = 10"	"2"	"10"	"500"	"0.95"	"14003"	"7635"	"6592"	"5022"	"11"	"1570"	"106906302"	"0.761832524271845"	"0.997814424796344"	"0.879823474534094"	NA
"Mortality Test Data"	"Standard CLK k = 10"	"2"	"10"	"500"	"0.9"	"14003"	"7635"	"6592"	"5132"	"15"	"1460"	"106906298"	"0.778519417475728"	"0.997085680979211"	"0.88780254922747"	NA
"Mortality Test Data"	"Standard CLK k = 10"	"2"	"10"	"500"	"0.85"	"14003"	"7635"	"6592"	"5394"	"21"	"1198"	"106906292"	"0.818264563106796"	"0.99612188365651"	"0.907193223381653"	NA
"Mortality Test Data"	"Standard CLK k = 10"	"2"	"10"	"500"	"0.8"	"14003"	"7635"	"6592"	"5839"	"29"	"753"	"106906284"	"0.885770631067961"	"0.99505794137696"	"0.94041428622246"	NA
"Mortality Test Data"	"Standard CLK k = 15"	"2"	"15"	"500"	"1"	"14003"	"7635"	"6592"	"5001"	"11"	"1591"	"106906302"	"0.758646844660194"	"0.99780526735834"	"0.878226056009267"	NA
"Mortality Test Data"	"Standard CLK k = 15"	"2"	"15"	"500"	"0.95"	"14003"	"7635"	"6592"	"5028"	"13"	"1564"	"106906300"	"0.762742718446602"	"0.997421146597897"	"0.88008193252225"	NA
"Mortality Test Data"	"Standard CLK k = 15"	"2"	"15"	"500"	"0.9"	"14003"	"7635"	"6592"	"5157"	"17"	"1435"	"106906296"	"0.782311893203884"	"0.996714340935446"	"0.889513117069665"	NA
"Mortality Test Data"	"Standard CLK k = 15"	"2"	"15"	"500"	"0.85"	"14003"	"7635"	"6592"	"5514"	"23"	"1078"	"106906290"	"0.836468446601942"	"0.995846126061044"	"0.916157286331493"	NA
"Mortality Test Data"	"Standard CLK k = 15"	"2"	"15"	"500"	"0.8"	"14003"	"7635"	"6592"	"6009"	"38"	"583"	"106906275"	"0.911559466019418"	"0.993715892177939"	"0.952637679098678"	NA
"Mortality Test Data"	"Optimal Parameter choice (LM)"	"4"	"27"	"500"	"1"	"14003"	"7635"	"6592"	"5001"	"11"	"1591"	"106906302"	"0.758646844660194"	"0.99780526735834"	"0.878226056009267"	"1920.66970274024"
"Mortality Test Data"	"Optimal Parameter choice (LM)"	"4"	"27"	"500"	"0.95"	"14003"	"7635"	"6592"	"5008"	"11"	"1584"	"106906302"	"0.759708737864078"	"0.997808328352261"	"0.87875853310817"	"1920.66970274024"
"Mortality Test Data"	"Optimal Parameter choice (LM)"	"4"	"27"	"500"	"0.9"	"14003"	"7635"	"6592"	"5049"	"12"	"1543"	"106906301"	"0.765928398058252"	"0.997628927089508"	"0.88177866257388"	"1920.66970274024"
"Mortality Test Data"	"Optimal Parameter choice (LM)"	"4"	"27"	"500"	"0.85"	"14003"	"7635"	"6592"	"5163"	"19"	"1429"	"106906294"	"0.783222087378641"	"0.99633346198379"	"0.889777774681215"	"1920.66970274024"
"Mortality Test Data"	"Optimal Parameter choice (LM)"	"4"	"27"	"500"	"0.8"	"14003"	"7635"	"6592"	"5390"	"25"	"1202"	"106906288"	"0.817657766990291"	"0.995383194829178"	"0.906520480909735"	"1920.66970274024"
"Mortality Test Data"	"Optimal Parameter choice (BIC)"	"4"	"40"	"500"	"1"	"14003"	"7635"	"6592"	"5001"	"11"	"1591"	"106906302"	"0.758646844660194"	"0.99780526735834"	"0.878226056009267"	"98.3141393862944"
"Mortality Test Data"	"Optimal Parameter choice (BIC)"	"4"	"40"	"500"	"0.95"	"14003"	"7635"	"6592"	"5016"	"11"	"1576"	"106906302"	"0.760922330097087"	"0.99781181619256"	"0.879367073144824"	"98.3141393862944"
"Mortality Test Data"	"Optimal Parameter choice (BIC)"	"4"	"40"	"500"	"0.9"	"14003"	"7635"	"6592"	"5097"	"13"	"1495"	"106906300"	"0.773209951456311"	"0.997455968688845"	"0.885332960072578"	"98.3141393862944"
"Mortality Test Data"	"Optimal Parameter choice (BIC)"	"4"	"40"	"500"	"0.85"	"14003"	"7635"	"6592"	"5319"	"88"	"1273"	"106906225"	"0.80688713592233"	"0.983724801183651"	"0.89530596855299"	"98.3141393862944"
"Mortality Test Data"	"Optimal Parameter choice (BIC)"	"4"	"40"	"500"	"0.8"	"14003"	"7635"	"6592"	"5732"	"566"	"860"	"106905747"	"0.869538834951456"	"0.910130200063512"	"0.889834517507484"	"98.3141393862944"
"Mortality Test Data"	"50%-Rule Parameter choice"	"2"	"17"	"500"	"1"	"14003"	"7635"	"6592"	"5001"	"11"	"1591"	"106906302"	"0.758646844660194"	"0.99780526735834"	"0.878226056009267"	"98.3141393862944"
"Mortality Test Data"	"50%-Rule Parameter choice"	"2"	"17"	"500"	"0.95"	"14003"	"7635"	"6592"	"5031"	"13"	"1561"	"106906300"	"0.763197815533981"	"0.997422680412371"	"0.880310247973176"	"98.3141393862944"
"Mortality Test Data"	"50%-Rule Parameter choice"	"2"	"17"	"500"	"0.9"	"14003"	"7635"	"6592"	"5190"	"17"	"1402"	"106906296"	"0.787317961165049"	"0.996735164202036"	"0.892026562683542"	"98.3141393862944"
"Mortality Test Data"	"50%-Rule Parameter choice"	"2"	"17"	"500"	"0.85"	"14003"	"7635"	"6592"	"5560"	"23"	"1032"	"106906290"	"0.843446601941748"	"0.995880351065735"	"0.919663476503741"	"98.3141393862944"
"Mortality Test Data"	"50%-Rule Parameter choice"	"2"	"17"	"500"	"0.8"	"14003"	"7635"	"6592"	"6071"	"43"	"521"	"106906270"	"0.920964805825243"	"0.992966961072947"	"0.956965883449095"	"98.3141393862944"
"Mortality Test Data"	"Optimal Parameter choice (RSM)"	"1"	"1"	"500"	"1"	"14003"	"7635"	"6592"	"5199"	"22"	"1393"	"106906291"	"0.788683252427185"	"0.99578624784524"	"0.892234750136212"	"0.258790794467163"
"Mortality Test Data"	"Optimal Parameter choice (RSM)"	"1"	"1"	"500"	"0.95"	"14003"	"7635"	"6592"	"5295"	"28"	"1297"	"106906285"	"0.803246359223301"	"0.994739808378734"	"0.898993083801017"	"0.258790794467163"
"Mortality Test Data"	"Optimal Parameter choice (RSM)"	"1"	"1"	"500"	"0.9"	"14003"	"7635"	"6592"	"5731"	"97"	"861"	"106906216"	"0.86938713592233"	"0.983356211393274"	"0.926371673657802"	"0.258790794467163"
"Mortality Test Data"	"Optimal Parameter choice (RSM)"	"1"	"1"	"500"	"0.85"	"14003"	"7635"	"6592"	"6077"	"395"	"515"	"106905918"	"0.921875"	"0.938967861557478"	"0.930421430778739"	"0.258790794467163"
"Mortality Test Data"	"Optimal Parameter choice (RSM)"	"1"	"1"	"500"	"0.8"	"14003"	"7635"	"6592"	"6254"	"1770"	"338"	"106904543"	"0.94872572815534"	"0.779411764705882"	"0.864068746430611"	"0.258790794467163"
"Mortality Test Data"	"Optimal Parameter choice (RF)"	"1"	"17"	"500"	"1"	"14003"	"7635"	"6592"	"5172"	"22"	"1420"	"106906291"	"0.784587378640777"	"0.995764343473238"	"0.890175861057008"	"0.0424615781689195"
"Mortality Test Data"	"Optimal Parameter choice (RF)"	"1"	"17"	"500"	"0.95"	"14003"	"7635"	"6592"	"5414"	"51"	"1178"	"106906262"	"0.82129854368932"	"0.990667886550778"	"0.905983215120049"	"0.0424615781689195"
"Mortality Test Data"	"Optimal Parameter choice (RF)"	"1"	"17"	"500"	"0.9"	"14003"	"7635"	"6592"	"6001"	"330"	"591"	"106905983"	"0.910345873786408"	"0.947875533091139"	"0.929110703438773"	"0.0424615781689195"
"Mortality Test Data"	"Optimal Parameter choice (RF)"	"1"	"17"	"500"	"0.85"	"14003"	"7635"	"6592"	"6270"	"2496"	"322"	"106903817"	"0.951152912621359"	"0.715263518138262"	"0.83320821537981"	"0.0424615781689195"
"Mortality Test Data"	"Optimal Parameter choice (RF)"	"1"	"17"	"500"	"0.8"	"14003"	"7635"	"6592"	"6410"	"16863"	"182"	"106889450"	"0.972390776699029"	"0.275426459846174"	"0.623908618272601"	"0.0424615781689195"
"Mortality Test Data"	"Optimal Parameter choice (NN)"	"2"	"30"	"500"	"1"	"14003"	"7635"	"6592"	"5001"	"11"	"1591"	"106906302"	"0.758646844660194"	"0.99780526735834"	"0.878226056009267"	"0.0826608114061937"
"Mortality Test Data"	"Optimal Parameter choice (NN)"	"2"	"30"	"500"	"0.95"	"14003"	"7635"	"6592"	"5082"	"13"	"1510"	"106906300"	"0.770934466019418"	"0.997448478900883"	"0.88419147246015"	"0.0826608114061937"
"Mortality Test Data"	"Optimal Parameter choice (NN)"	"2"	"30"	"500"	"0.9"	"14003"	"7635"	"6592"	"5447"	"24"	"1145"	"106906289"	"0.826304611650485"	"0.995613233412539"	"0.910958922531512"	"0.0826608114061937"
"Mortality Test Data"	"Optimal Parameter choice (NN)"	"2"	"30"	"500"	"0.85"	"14003"	"7635"	"6592"	"6003"	"44"	"589"	"106906269"	"0.91064927184466"	"0.992723664627088"	"0.951686468235874"	"0.0826608114061937"
"Mortality Test Data"	"Optimal Parameter choice (NN)"	"2"	"30"	"500"	"0.8"	"14003"	"7635"	"6592"	"6371"	"254"	"221"	"106906059"	"0.966474514563107"	"0.961660377358491"	"0.964067445960799"	"0.0826608114061937"
