data	type	q	k	i	l	Tani	Fmeasure	filesizeA	filesizeB	meanentropy	meanengrams	sdgrams	skew	ginicoefficient	ginicoefficientqgrams	errorestimation	hammingweight	uniqueness	sduniqueness	meanmissing	missingamount	uniquepatternsA	uniquepatternsB	m	u
NC Voter	CLK	1	1	1	500	0.9	0.914778531821046	50000	50000	0.926136475743639	17.43308	2.24239654843777	1.02127005065707	0.627814020064006	0.502477460566875	72.0963855421687	14.44241	0.791403105106708	0.0825537901316785	0	0	49764	49748	3.87502497529227e-05	0.999961249750247
NC Voter	CLK	1	2	1	500	0.9	0.911791719533939	50000	50000	0.926136475743639	17.43308	2.24239654843777	1.02127005065707	0.627814020064006	0.502477460566875	72.0963855421687	28.10075	0.791403105106708	0.0825537901316785	0	0	49768	49752	3.87502497529227e-05	0.999961249750247
NC Voter	CLK	1	3	1	500	0.9	0.912958411826865	50000	50000	0.926136475743639	17.43308	2.24239654843777	1.02127005065707	0.627814020064006	0.502477460566875	72.0963855421687	41.48759	0.791403105106708	0.0825537901316785	0	0	49768	49752	3.87502497529227e-05	0.999961249750247
NC Voter	CLK	1	4	1	500	0.9	0.909644876373061	50000	50000	0.926136475743639	17.43308	2.24239654843777	1.02127005065707	0.627814020064006	0.502477460566875	72.0963855421687	55.04557	0.791403105106708	0.0825537901316785	0	0	49768	49752	3.87502497529227e-05	0.999961249750247
NC Voter	CLK	1	5	1	500	0.9	0.914537666340611	50000	50000	0.926136475743639	17.43308	2.24239654843777	1.02127005065707	0.627814020064006	0.502477460566875	72.0963855421687	69.0746	0.791403105106708	0.0825537901316785	0	0	49768	49752	3.87502497529227e-05	0.999961249750247
NC Voter	CLK	1	6	1	500	0.9	0.906296370570217	50000	50000	0.926136475743639	17.43308	2.24239654843777	1.02127005065707	0.627814020064006	0.502477460566875	72.0963855421687	78.94125	0.791403105106708	0.0825537901316785	0	0	49768	49752	3.87502497529227e-05	0.999961249750247
NC Voter	CLK	1	7	1	500	0.9	0.910904782251438	50000	50000	0.926136475743639	17.43308	2.24239654843777	1.02127005065707	0.627814020064006	0.502477460566875	72.0963855421687	92.4235	0.791403105106708	0.0825537901316785	0	0	49768	49752	3.87502497529227e-05	0.999961249750247
NC Voter	CLK	1	8	1	500	0.9	0.904393127833182	50000	50000	0.926136475743639	17.43308	2.24239654843777	1.02127005065707	0.627814020064006	0.502477460566875	72.0963855421687	103.61733	0.791403105106708	0.0825537901316785	0	0	49768	49752	3.87502497529227e-05	0.999961249750247
NC Voter	CLK	1	9	1	500	0.9	0.905884460322286	50000	50000	0.926136475743639	17.43308	2.24239654843777	1.02127005065707	0.627814020064006	0.502477460566875	72.0963855421687	113.46614	0.791403105106708	0.0825537901316785	0	0	49768	49752	3.87502497529227e-05	0.999961249750247
NC Voter	CLK	1	10	1	500	0.9	0.906374835031046	50000	50000	0.926136475743639	17.43308	2.24239654843777	1.02127005065707	0.627814020064006	0.502477460566875	72.0963855421687	124.68222	0.791403105106708	0.0825537901316785	0	0	49768	49752	3.87502497529227e-05	0.999961249750247
NC Voter	CLK	1	11	1	500	0.9	0.906645015275052	50000	50000	0.926136475743639	17.43308	2.24239654843777	1.02127005065707	0.627814020064006	0.502477460566875	72.0963855421687	138.52266	0.791403105106708	0.0825537901316785	0	0	49768	49752	3.87502497529227e-05	0.999961249750247
NC Voter	CLK	1	12	1	500	0.9	0.902867936539613	50000	50000	0.926136475743639	17.43308	2.24239654843777	1.02127005065707	0.627814020064006	0.502477460566875	72.0963855421687	150.34157	0.791403105106708	0.0825537901316785	0	0	49768	49752	3.87502497529227e-05	0.999961249750247
NC Voter	CLK	1	13	1	500	0.9	0.903853592938733	50000	50000	0.926136475743639	17.43308	2.24239654843777	1.02127005065707	0.627814020064006	0.502477460566875	72.0963855421687	157.94167	0.791403105106708	0.0825537901316785	0	0	49768	49752	3.87502497529227e-05	0.999961249750247
NC Voter	CLK	1	14	1	500	0.9	0.897565320356214	50000	50000	0.926136475743639	17.43308	2.24239654843777	1.02127005065707	0.627814020064006	0.502477460566875	72.0963855421687	166.80578	0.791403105106708	0.0825537901316785	0	0	49768	49752	3.87502497529227e-05	0.999961249750247
NC Voter	CLK	1	15	1	500	0.9	0.898471967138833	50000	50000	0.926136475743639	17.43308	2.24239654843777	1.02127005065707	0.627814020064006	0.502477460566875	72.0963855421687	173.60859	0.791403105106708	0.0825537901316785	0	0	49768	49752	3.87502497529227e-05	0.999961249750247
NC Voter	CLK	1	16	1	500	0.9	0.897135172908116	50000	50000	0.926136475743639	17.43308	2.24239654843777	1.02127005065707	0.627814020064006	0.502477460566875	72.0963855421687	186.7156	0.791403105106708	0.0825537901316785	0	0	49768	49752	3.87502497529227e-05	0.999961249750247
NC Voter	CLK	1	17	1	500	0.9	0.888547382010259	50000	50000	0.926136475743639	17.43308	2.24239654843777	1.02127005065707	0.627814020064006	0.502477460566875	72.0963855421687	194.99541	0.791403105106708	0.0825537901316785	0	0	49768	49752	3.87502497529227e-05	0.999961249750247
NC Voter	CLK	1	18	1	500	0.9	0.89026678267223	50000	50000	0.926136475743639	17.43308	2.24239654843777	1.02127005065707	0.627814020064006	0.502477460566875	72.0963855421687	198.27792	0.791403105106708	0.0825537901316785	0	0	49768	49752	3.87502497529227e-05	0.999961249750247
NC Voter	CLK	1	19	1	500	0.9	0.883271586258682	50000	50000	0.926136475743639	17.43308	2.24239654843777	1.02127005065707	0.627814020064006	0.502477460566875	72.0963855421687	211.46194	0.791403105106708	0.0825537901316785	0	0	49768	49752	3.87502497529227e-05	0.999961249750247
NC Voter	CLK	1	20	1	500	0.9	0.8867408720062	50000	50000	0.926136475743639	17.43308	2.24239654843777	1.02127005065707	0.627814020064006	0.502477460566875	72.0963855421687	217.19757	0.791403105106708	0.0825537901316785	0	0	49768	49752	3.87502497529227e-05	0.999961249750247
NC Voter	CLK	1	21	1	500	0.9	0.884229084770061	50000	50000	0.926136475743639	17.43308	2.24239654843777	1.02127005065707	0.627814020064006	0.502477460566875	72.0963855421687	226.6162	0.791403105106708	0.0825537901316785	0	0	49768	49752	3.87502497529227e-05	0.999961249750247
NC Voter	CLK	1	22	1	500	0.9	0.879161258637343	50000	50000	0.926136475743639	17.43308	2.24239654843777	1.02127005065707	0.627814020064006	0.502477460566875	72.0963855421687	232.77931	0.791403105106708	0.0825537901316785	0	0	49768	49752	3.87502497529227e-05	0.999961249750247
NC Voter	CLK	1	23	1	500	0.9	0.876525238286528	50000	50000	0.926136475743639	17.43308	2.24239654843777	1.02127005065707	0.627814020064006	0.502477460566875	72.0963855421687	243.91645	0.791403105106708	0.0825537901316785	0	0	49768	49752	3.87502497529227e-05	0.999961249750247
NC Voter	CLK	1	24	1	500	0.9	0.873141436494227	50000	50000	0.926136475743639	17.43308	2.24239654843777	1.02127005065707	0.627814020064006	0.502477460566875	72.0963855421687	253.22221	0.791403105106708	0.0825537901316785	0	0	49768	49752	3.87502497529227e-05	0.999961249750247
NC Voter	CLK	1	25	1	500	0.9	0.874211248068357	50000	50000	0.926136475743639	17.43308	2.24239654843777	1.02127005065707	0.627814020064006	0.502477460566875	72.0963855421687	254.33271	0.791403105106708	0.0825537901316785	0	0	49768	49752	3.87502497529227e-05	0.999961249750247
NC Voter	CLK	1	26	1	500	0.9	0.866598171376676	50000	50000	0.926136475743639	17.43308	2.24239654843777	1.02127005065707	0.627814020064006	0.502477460566875	72.0963855421687	261.44989	0.791403105106708	0.0825537901316785	0	0	49768	49752	3.87502497529227e-05	0.999961249750247
NC Voter	CLK	1	27	1	500	0.9	0.867323714980423	50000	50000	0.926136475743639	17.43308	2.24239654843777	1.02127005065707	0.627814020064006	0.502477460566875	72.0963855421687	270.14901	0.791403105106708	0.0825537901316785	0	0	49768	49752	3.87502497529227e-05	0.999961249750247
NC Voter	CLK	1	28	1	500	0.9	0.859417000538596	50000	50000	0.926136475743639	17.43308	2.24239654843777	1.02127005065707	0.627814020064006	0.502477460566875	72.0963855421687	281.72214	0.791403105106708	0.0825537901316785	0	0	49768	49752	3.87502497529227e-05	0.999961249750247
NC Voter	CLK	1	29	1	500	0.9	0.858752739080738	50000	50000	0.926136475743639	17.43308	2.24239654843777	1.02127005065707	0.627814020064006	0.502477460566875	72.0963855421687	283.55911	0.791403105106708	0.0825537901316785	0	0	49768	49752	3.87502497529227e-05	0.999961249750247
NC Voter	CLK	1	30	1	500	0.9	0.839667241440944	50000	50000	0.926136475743639	17.43308	2.24239654843777	1.02127005065707	0.627814020064006	0.502477460566875	72.0963855421687	286.92544	0.791403105106708	0.0825537901316785	0	0	49768	49752	3.87502497529227e-05	0.999961249750247
NC Voter	CLK	1	31	1	500	0.9	0.848600028887172	50000	50000	0.926136475743639	17.43308	2.24239654843777	1.02127005065707	0.627814020064006	0.502477460566875	72.0963855421687	297.79624	0.791403105106708	0.0825537901316785	0	0	49768	49752	3.87502497529227e-05	0.999961249750247
NC Voter	CLK	1	32	1	500	0.9	0.824848426055178	50000	50000	0.926136475743639	17.43308	2.24239654843777	1.02127005065707	0.627814020064006	0.502477460566875	72.0963855421687	300.11354	0.791403105106708	0.0825537901316785	0	0	49768	49752	3.87502497529227e-05	0.999961249750247
NC Voter	CLK	1	33	1	500	0.9	0.842863421770394	50000	50000	0.926136475743639	17.43308	2.24239654843777	1.02127005065707	0.627814020064006	0.502477460566875	72.0963855421687	307.4219	0.791403105106708	0.0825537901316785	0	0	49768	49752	3.87502497529227e-05	0.999961249750247
NC Voter	CLK	1	34	1	500	0.9	0.832917002881844	50000	50000	0.926136475743639	17.43308	2.24239654843777	1.02127005065707	0.627814020064006	0.502477460566875	72.0963855421687	310.24861	0.791403105106708	0.0825537901316785	0	0	49768	49752	3.87502497529227e-05	0.999961249750247
NC Voter	CLK	1	35	1	500	0.9	0.805837775782377	50000	50000	0.926136475743639	17.43308	2.24239654843777	1.02127005065707	0.627814020064006	0.502477460566875	72.0963855421687	318.41807	0.791403105106708	0.0825537901316785	0	0	49768	49752	3.87502497529227e-05	0.999961249750247
NC Voter	CLK	1	36	1	500	0.9	0.798096667624246	50000	50000	0.926136475743639	17.43308	2.24239654843777	1.02127005065707	0.627814020064006	0.502477460566875	72.0963855421687	325.76343	0.791403105106708	0.0825537901316785	0	0	49768	49752	3.87502497529227e-05	0.999961249750247
NC Voter	CLK	1	37	1	500	0.9	0.797337455717959	50000	50000	0.926136475743639	17.43308	2.24239654843777	1.02127005065707	0.627814020064006	0.502477460566875	72.0963855421687	326.55659	0.791403105106708	0.0825537901316785	0	0	49768	49752	3.87502497529227e-05	0.999961249750247
NC Voter	CLK	1	38	1	500	0.9	0.785649780370625	50000	50000	0.926136475743639	17.43308	2.24239654843777	1.02127005065707	0.627814020064006	0.502477460566875	72.0963855421687	333.3532	0.791403105106708	0.0825537901316785	0	0	49768	49752	3.87502497529227e-05	0.999961249750247
NC Voter	CLK	1	39	1	500	0.9	0.749650428178477	50000	50000	0.926136475743639	17.43308	2.24239654843777	1.02127005065707	0.627814020064006	0.502477460566875	72.0963855421687	337.12392	0.791403105106708	0.0825537901316785	0	0	49768	49752	3.87502497529227e-05	0.999961249750247
NC Voter	CLK	1	40	1	500	0.9	0.754381645616413	50000	50000	0.926136475743639	17.43308	2.24239654843777	1.02127005065707	0.627814020064006	0.502477460566875	72.0963855421687	336.52339	0.791403105106708	0.0825537901316785	0	0	49768	49752	3.87502497529227e-05	0.999961249750247
NC Voter	CLK	2	1	1	500	0.9	0.929082458076208	50000	50000	0.926136475743639	17.43308	2.24239654843777	11.3635016202664	0.627814020064006	0.773359813723443	1186.5	13.21052	0.985793529508212	0.0300984860337423	0	0	49880	49873	3.87502497529227e-05	0.999961249750247
NC Voter	CLK	2	2	1	500	0.9	0.928419145573245	50000	50000	0.926136475743639	17.43308	2.24239654843777	11.3635016202664	0.627814020064006	0.773359813723443	1186.5	26.1164	0.985793529508212	0.0300984860337423	0	0	49881	49874	3.87502497529227e-05	0.999961249750247
NC Voter	CLK	2	3	1	500	0.9	0.928291676860697	50000	50000	0.926136475743639	17.43308	2.24239654843777	11.3635016202664	0.627814020064006	0.773359813723443	1186.5	38.74279	0.985793529508212	0.0300984860337423	0	0	49881	49874	3.87502497529227e-05	0.999961249750247
NC Voter	CLK	2	4	1	500	0.9	0.928713383775852	50000	50000	0.926136475743639	17.43308	2.24239654843777	11.3635016202664	0.627814020064006	0.773359813723443	1186.5	50.58116	0.985793529508212	0.0300984860337423	0	0	49881	49874	3.87502497529227e-05	0.999961249750247
NC Voter	CLK	2	5	1	500	0.9	0.92681210402539	50000	50000	0.926136475743639	17.43308	2.24239654843777	11.3635016202664	0.627814020064006	0.773359813723443	1186.5	62.60119	0.985793529508212	0.0300984860337423	0	0	49881	49874	3.87502497529227e-05	0.999961249750247
NC Voter	CLK	2	6	1	500	0.9	0.928271769486094	50000	50000	0.926136475743639	17.43308	2.24239654843777	11.3635016202664	0.627814020064006	0.773359813723443	1186.5	73.89276	0.985793529508212	0.0300984860337423	0	0	49881	49874	3.87502497529227e-05	0.999961249750247
NC Voter	CLK	2	7	1	500	0.9	0.927990034305317	50000	50000	0.926136475743639	17.43308	2.24239654843777	11.3635016202664	0.627814020064006	0.773359813723443	1186.5	85.41337	0.985793529508212	0.0300984860337423	0	0	49881	49874	3.87502497529227e-05	0.999961249750247
NC Voter	CLK	2	8	1	500	0.9	0.927278927511077	50000	50000	0.926136475743639	17.43308	2.24239654843777	11.3635016202664	0.627814020064006	0.773359813723443	1186.5	96.83252	0.985793529508212	0.0300984860337423	0	0	49881	49874	3.87502497529227e-05	0.999961249750247
NC Voter	CLK	2	9	1	500	0.9	0.927033886861314	50000	50000	0.926136475743639	17.43308	2.24239654843777	11.3635016202664	0.627814020064006	0.773359813723443	1186.5	106.61134	0.985793529508212	0.0300984860337423	0	0	49881	49874	3.87502497529227e-05	0.999961249750247
NC Voter	CLK	2	10	1	500	0.9	0.927287443356835	50000	50000	0.926136475743639	17.43308	2.24239654843777	11.3635016202664	0.627814020064006	0.773359813723443	1186.5	116.89689	0.985793529508212	0.0300984860337423	0	0	49881	49874	3.87502497529227e-05	0.999961249750247
NC Voter	CLK	2	11	1	500	0.9	0.927118388545633	50000	50000	0.926136475743639	17.43308	2.24239654843777	11.3635016202664	0.627814020064006	0.773359813723443	1186.5	126.95777	0.985793529508212	0.0300984860337423	0	0	49881	49874	3.87502497529227e-05	0.999961249750247
NC Voter	CLK	2	12	1	500	0.9	0.927593851348268	50000	50000	0.926136475743639	17.43308	2.24239654843777	11.3635016202664	0.627814020064006	0.773359813723443	1186.5	136.26185	0.985793529508212	0.0300984860337423	0	0	49881	49874	3.87502497529227e-05	0.999961249750247
NC Voter	CLK	2	13	1	500	0.9	0.925884727214888	50000	50000	0.926136475743639	17.43308	2.24239654843777	11.3635016202664	0.627814020064006	0.773359813723443	1186.5	147.84038	0.985793529508212	0.0300984860337423	0	0	49881	49874	3.87502497529227e-05	0.999961249750247
NC Voter	CLK	2	14	1	500	0.9	0.925353006736069	50000	50000	0.926136475743639	17.43308	2.24239654843777	11.3635016202664	0.627814020064006	0.773359813723443	1186.5	156.13886	0.985793529508212	0.0300984860337423	0	0	49881	49874	3.87502497529227e-05	0.999961249750247
NC Voter	CLK	2	15	1	500	0.9	0.926161384447674	50000	50000	0.926136475743639	17.43308	2.24239654843777	11.3635016202664	0.627814020064006	0.773359813723443	1186.5	165.19564	0.985793529508212	0.0300984860337423	0	0	49881	49874	3.87502497529227e-05	0.999961249750247
NC Voter	CLK	2	16	1	500	0.9	0.925205202901836	50000	50000	0.926136475743639	17.43308	2.24239654843777	11.3635016202664	0.627814020064006	0.773359813723443	1186.5	173.10402	0.985793529508212	0.0300984860337423	0	0	49881	49874	3.87502497529227e-05	0.999961249750247
NC Voter	CLK	2	17	1	500	0.9	0.924418513311938	50000	50000	0.926136475743639	17.43308	2.24239654843777	11.3635016202664	0.627814020064006	0.773359813723443	1186.5	181.98259	0.985793529508212	0.0300984860337423	0	0	49881	49874	3.87502497529227e-05	0.999961249750247
NC Voter	CLK	2	18	1	500	0.9	0.923672671927847	50000	50000	0.926136475743639	17.43308	2.24239654843777	11.3635016202664	0.627814020064006	0.773359813723443	1186.5	189.86398	0.985793529508212	0.0300984860337423	0	0	49881	49874	3.87502497529227e-05	0.999961249750247
NC Voter	CLK	2	19	1	500	0.9	0.924779524766788	50000	50000	0.926136475743639	17.43308	2.24239654843777	11.3635016202664	0.627814020064006	0.773359813723443	1186.5	199.3378	0.985793529508212	0.0300984860337423	0	0	49881	49874	3.87502497529227e-05	0.999961249750247
NC Voter	CLK	2	20	1	500	0.9	0.923982955016677	50000	50000	0.926136475743639	17.43308	2.24239654843777	11.3635016202664	0.627814020064006	0.773359813723443	1186.5	207.2013	0.985793529508212	0.0300984860337423	0	0	49881	49874	3.87502497529227e-05	0.999961249750247
NC Voter	CLK	2	21	1	500	0.9	0.923707874288543	50000	50000	0.926136475743639	17.43308	2.24239654843777	11.3635016202664	0.627814020064006	0.773359813723443	1186.5	213.97224	0.985793529508212	0.0300984860337423	0	0	49881	49874	3.87502497529227e-05	0.999961249750247
NC Voter	CLK	2	22	1	500	0.9	0.923319775407075	50000	50000	0.926136475743639	17.43308	2.24239654843777	11.3635016202664	0.627814020064006	0.773359813723443	1186.5	220.96892	0.985793529508212	0.0300984860337423	0	0	49881	49874	3.87502497529227e-05	0.999961249750247
NC Voter	CLK	2	23	1	500	0.9	0.922625739910314	50000	50000	0.926136475743639	17.43308	2.24239654843777	11.3635016202664	0.627814020064006	0.773359813723443	1186.5	227.9993	0.985793529508212	0.0300984860337423	0	0	49881	49874	3.87502497529227e-05	0.999961249750247
NC Voter	CLK	2	24	1	500	0.9	0.922765712364989	50000	50000	0.926136475743639	17.43308	2.24239654843777	11.3635016202664	0.627814020064006	0.773359813723443	1186.5	235.38214	0.985793529508212	0.0300984860337423	0	0	49881	49874	3.87502497529227e-05	0.999961249750247
NC Voter	CLK	2	25	1	500	0.9	0.921938260791809	50000	50000	0.926136475743639	17.43308	2.24239654843777	11.3635016202664	0.627814020064006	0.773359813723443	1186.5	242.19773	0.985793529508212	0.0300984860337423	0	0	49881	49874	3.87502497529227e-05	0.999961249750247
NC Voter	CLK	2	26	1	500	0.9	0.921892040693394	50000	50000	0.926136475743639	17.43308	2.24239654843777	11.3635016202664	0.627814020064006	0.773359813723443	1186.5	249.58375	0.985793529508212	0.0300984860337423	0	0	49881	49874	3.87502497529227e-05	0.999961249750247
NC Voter	CLK	2	27	1	500	0.9	0.920555567216614	50000	50000	0.926136475743639	17.43308	2.24239654843777	11.3635016202664	0.627814020064006	0.773359813723443	1186.5	255.40357	0.985793529508212	0.0300984860337423	0	0	49881	49874	3.87502497529227e-05	0.999961249750247
NC Voter	CLK	2	28	1	500	0.9	0.920320776472678	50000	50000	0.926136475743639	17.43308	2.24239654843777	11.3635016202664	0.627814020064006	0.773359813723443	1186.5	262.45103	0.985793529508212	0.0300984860337423	0	0	49881	49874	3.87502497529227e-05	0.999961249750247
NC Voter	CLK	2	29	1	500	0.9	0.919851646637009	50000	50000	0.926136475743639	17.43308	2.24239654843777	11.3635016202664	0.627814020064006	0.773359813723443	1186.5	268.96791	0.985793529508212	0.0300984860337423	0	0	49881	49874	3.87502497529227e-05	0.999961249750247
NC Voter	CLK	2	30	1	500	0.9	0.919835307386112	50000	50000	0.926136475743639	17.43308	2.24239654843777	11.3635016202664	0.627814020064006	0.773359813723443	1186.5	274.38474	0.985793529508212	0.0300984860337423	0	0	49881	49874	3.87502497529227e-05	0.999961249750247
NC Voter	CLK	2	31	1	500	0.9	0.919132797116466	50000	50000	0.926136475743639	17.43308	2.24239654843777	11.3635016202664	0.627814020064006	0.773359813723443	1186.5	281.31303	0.985793529508212	0.0300984860337423	0	0	49881	49874	3.87502497529227e-05	0.999961249750247
NC Voter	CLK	2	32	1	500	0.9	0.919297853444667	50000	50000	0.926136475743639	17.43308	2.24239654843777	11.3635016202664	0.627814020064006	0.773359813723443	1186.5	286.37745	0.985793529508212	0.0300984860337423	0	0	49881	49874	3.87502497529227e-05	0.999961249750247
NC Voter	CLK	2	33	1	500	0.9	0.919758631808471	50000	50000	0.926136475743639	17.43308	2.24239654843777	11.3635016202664	0.627814020064006	0.773359813723443	1186.5	289.16404	0.985793529508212	0.0300984860337423	0	0	49881	49874	3.87502497529227e-05	0.999961249750247
NC Voter	CLK	2	34	1	500	0.9	0.917724518787296	50000	50000	0.926136475743639	17.43308	2.24239654843777	11.3635016202664	0.627814020064006	0.773359813723443	1186.5	297.37739	0.985793529508212	0.0300984860337423	0	0	49881	49874	3.87502497529227e-05	0.999961249750247
NC Voter	CLK	2	35	1	500	0.9	0.917787019056558	50000	50000	0.926136475743639	17.43308	2.24239654843777	11.3635016202664	0.627814020064006	0.773359813723443	1186.5	303.053	0.985793529508212	0.0300984860337423	0	0	49881	49874	3.87502497529227e-05	0.999961249750247
NC Voter	CLK	2	36	1	500	0.9	0.919399704306367	50000	50000	0.926136475743639	17.43308	2.24239654843777	11.3635016202664	0.627814020064006	0.773359813723443	1186.5	307.52855	0.985793529508212	0.0300984860337423	0	0	49881	49874	3.87502497529227e-05	0.999961249750247
NC Voter	CLK	2	37	1	500	0.9	0.918362167844369	50000	50000	0.926136475743639	17.43308	2.24239654843777	11.3635016202664	0.627814020064006	0.773359813723443	1186.5	311.15966	0.985793529508212	0.0300984860337423	0	0	49881	49874	3.87502497529227e-05	0.999961249750247
NC Voter	CLK	2	38	1	500	0.9	0.916598444579069	50000	50000	0.926136475743639	17.43308	2.24239654843777	11.3635016202664	0.627814020064006	0.773359813723443	1186.5	317.77777	0.985793529508212	0.0300984860337423	0	0	49881	49874	3.87502497529227e-05	0.999961249750247
NC Voter	CLK	2	39	1	500	0.9	0.916300227449624	50000	50000	0.926136475743639	17.43308	2.24239654843777	11.3635016202664	0.627814020064006	0.773359813723443	1186.5	321.6663	0.985793529508212	0.0300984860337423	0	0	49881	49874	3.87502497529227e-05	0.999961249750247
NC Voter	CLK	2	40	1	500	0.9	0.916023049911566	50000	50000	0.926136475743639	17.43308	2.24239654843777	11.3635016202664	0.627814020064006	0.773359813723443	1186.5	325.79212	0.985793529508212	0.0300984860337423	0	0	49881	49874	3.87502497529227e-05	0.999961249750247
NC Voter	CLK	3	1	1	500	0.9	0.92811523379555	50000	50000	0.926136475743639	17.43308	2.24239654843777	17.3023816215303	0.627814020064006	0.833998639862021	171	10.33518	0.998585061461962	0.0101145000361347	0	0	49881	49874	3.87502497529227e-05	0.999961249750247
NC Voter	CLK	3	2	1	500	0.9	0.928020457487734	50000	50000	0.926136475743639	17.43308	2.24239654843777	17.3023816215303	0.627814020064006	0.833998639862021	171	20.45295	0.998585061461962	0.0101145000361347	0	0	49881	49874	3.87502497529227e-05	0.999961249750247
NC Voter	CLK	3	3	1	500	0.9	0.927777774398673	50000	50000	0.926136475743639	17.43308	2.24239654843777	17.3023816215303	0.627814020064006	0.833998639862021	171	30.26315	0.998585061461962	0.0101145000361347	0	0	49881	49874	3.87502497529227e-05	0.999961249750247
NC Voter	CLK	3	4	1	500	0.9	0.928213679601807	50000	50000	0.926136475743639	17.43308	2.24239654843777	17.3023816215303	0.627814020064006	0.833998639862021	171	40.02887	0.998585061461962	0.0101145000361347	0	0	49881	49874	3.87502497529227e-05	0.999961249750247
NC Voter	CLK	3	5	1	500	0.9	0.928000307309544	50000	50000	0.926136475743639	17.43308	2.24239654843777	17.3023816215303	0.627814020064006	0.833998639862021	171	49.55095	0.998585061461962	0.0101145000361347	0	0	49881	49874	3.87502497529227e-05	0.999961249750247
NC Voter	CLK	3	6	1	500	0.9	0.928085926164908	50000	50000	0.926136475743639	17.43308	2.24239654843777	17.3023816215303	0.627814020064006	0.833998639862021	171	58.81086	0.998585061461962	0.0101145000361347	0	0	49881	49874	3.87502497529227e-05	0.999961249750247
NC Voter	CLK	3	7	1	500	0.9	0.927939856691934	50000	50000	0.926136475743639	17.43308	2.24239654843777	17.3023816215303	0.627814020064006	0.833998639862021	171	67.87184	0.998585061461962	0.0101145000361347	0	0	49881	49874	3.87502497529227e-05	0.999961249750247
NC Voter	CLK	3	8	1	500	0.9	0.928084548806342	50000	50000	0.926136475743639	17.43308	2.24239654843777	17.3023816215303	0.627814020064006	0.833998639862021	171	76.76154	0.998585061461962	0.0101145000361347	0	0	49881	49874	3.87502497529227e-05	0.999961249750247
NC Voter	CLK	3	9	1	500	0.9	0.927843460883179	50000	50000	0.926136475743639	17.43308	2.24239654843777	17.3023816215303	0.627814020064006	0.833998639862021	171	85.50606	0.998585061461962	0.0101145000361347	0	0	49881	49874	3.87502497529227e-05	0.999961249750247
NC Voter	CLK	3	10	1	500	0.9	0.927706318648437	50000	50000	0.926136475743639	17.43308	2.24239654843777	17.3023816215303	0.627814020064006	0.833998639862021	171	93.73128	0.998585061461962	0.0101145000361347	0	0	49881	49874	3.87502497529227e-05	0.999961249750247
NC Voter	CLK	3	11	1	500	0.9	0.927523580138972	50000	50000	0.926136475743639	17.43308	2.24239654843777	17.3023816215303	0.627814020064006	0.833998639862021	171	102.58066	0.998585061461962	0.0101145000361347	0	0	49881	49874	3.87502497529227e-05	0.999961249750247
NC Voter	CLK	3	12	1	500	0.9	0.927774880294659	50000	50000	0.926136475743639	17.43308	2.24239654843777	17.3023816215303	0.627814020064006	0.833998639862021	171	110.50315	0.998585061461962	0.0101145000361347	0	0	49881	49874	3.87502497529227e-05	0.999961249750247
NC Voter	CLK	3	13	1	500	0.9	0.927799748912568	50000	50000	0.926136475743639	17.43308	2.24239654843777	17.3023816215303	0.627814020064006	0.833998639862021	171	118.15957	0.998585061461962	0.0101145000361347	0	0	49881	49874	3.87502497529227e-05	0.999961249750247
NC Voter	CLK	3	14	1	500	0.9	0.927938873239437	50000	50000	0.926136475743639	17.43308	2.24239654843777	17.3023816215303	0.627814020064006	0.833998639862021	171	125.7634	0.998585061461962	0.0101145000361347	0	0	49881	49874	3.87502497529227e-05	0.999961249750247
NC Voter	CLK	3	15	1	500	0.9	0.927787173343145	50000	50000	0.926136475743639	17.43308	2.24239654843777	17.3023816215303	0.627814020064006	0.833998639862021	171	133.70279	0.998585061461962	0.0101145000361347	0	0	49881	49874	3.87502497529227e-05	0.999961249750247
NC Voter	CLK	3	16	1	500	0.9	0.927354227135863	50000	50000	0.926136475743639	17.43308	2.24239654843777	17.3023816215303	0.627814020064006	0.833998639862021	171	141.39475	0.998585061461962	0.0101145000361347	0	0	49881	49874	3.87502497529227e-05	0.999961249750247
NC Voter	CLK	3	17	1	500	0.9	0.927503368038797	50000	50000	0.926136475743639	17.43308	2.24239654843777	17.3023816215303	0.627814020064006	0.833998639862021	171	147.94881	0.998585061461962	0.0101145000361347	0	0	49881	49874	3.87502497529227e-05	0.999961249750247
NC Voter	CLK	3	18	1	500	0.9	0.927366385686067	50000	50000	0.926136475743639	17.43308	2.24239654843777	17.3023816215303	0.627814020064006	0.833998639862021	171	155.56285	0.998585061461962	0.0101145000361347	0	0	49881	49874	3.87502497529227e-05	0.999961249750247
NC Voter	CLK	3	19	1	500	0.9	0.927602044315726	50000	50000	0.926136475743639	17.43308	2.24239654843777	17.3023816215303	0.627814020064006	0.833998639862021	171	163.19026	0.998585061461962	0.0101145000361347	0	0	49881	49874	3.87502497529227e-05	0.999961249750247
NC Voter	CLK	3	20	1	500	0.9	0.927422030550132	50000	50000	0.926136475743639	17.43308	2.24239654843777	17.3023816215303	0.627814020064006	0.833998639862021	171	169.89257	0.998585061461962	0.0101145000361347	0	0	49881	49874	3.87502497529227e-05	0.999961249750247
NC Voter	CLK	3	21	1	500	0.9	0.927180459136823	50000	50000	0.926136475743639	17.43308	2.24239654843777	17.3023816215303	0.627814020064006	0.833998639862021	171	175.74803	0.998585061461962	0.0101145000361347	0	0	49881	49874	3.87502497529227e-05	0.999961249750247
NC Voter	CLK	3	22	1	500	0.9	0.927206955903272	50000	50000	0.926136475743639	17.43308	2.24239654843777	17.3023816215303	0.627814020064006	0.833998639862021	171	182.53388	0.998585061461962	0.0101145000361347	0	0	49881	49874	3.87502497529227e-05	0.999961249750247
NC Voter	CLK	3	23	1	500	0.9	0.927294104258443	50000	50000	0.926136475743639	17.43308	2.24239654843777	17.3023816215303	0.627814020064006	0.833998639862021	171	188.97784	0.998585061461962	0.0101145000361347	0	0	49881	49874	3.87502497529227e-05	0.999961249750247
NC Voter	CLK	3	24	1	500	0.9	0.92712490423653	50000	50000	0.926136475743639	17.43308	2.24239654843777	17.3023816215303	0.627814020064006	0.833998639862021	171	195.75405	0.998585061461962	0.0101145000361347	0	0	49881	49874	3.87502497529227e-05	0.999961249750247
NC Voter	CLK	3	25	1	500	0.9	0.926239820422374	50000	50000	0.926136475743639	17.43308	2.24239654843777	17.3023816215303	0.627814020064006	0.833998639862021	171	201.26347	0.998585061461962	0.0101145000361347	0	0	49881	49874	3.87502497529227e-05	0.999961249750247
NC Voter	CLK	3	26	1	500	0.9	0.926457966645285	50000	50000	0.926136475743639	17.43308	2.24239654843777	17.3023816215303	0.627814020064006	0.833998639862021	171	207.84459	0.998585061461962	0.0101145000361347	0	0	49881	49874	3.87502497529227e-05	0.999961249750247
NC Voter	CLK	3	27	1	500	0.9	0.926427449925604	50000	50000	0.926136475743639	17.43308	2.24239654843777	17.3023816215303	0.627814020064006	0.833998639862021	171	213.22043	0.998585061461962	0.0101145000361347	0	0	49881	49874	3.87502497529227e-05	0.999961249750247
NC Voter	CLK	3	28	1	500	0.9	0.926406004349319	50000	50000	0.926136475743639	17.43308	2.24239654843777	17.3023816215303	0.627814020064006	0.833998639862021	171	218.97946	0.998585061461962	0.0101145000361347	0	0	49881	49874	3.87502497529227e-05	0.999961249750247
NC Voter	CLK	3	29	1	500	0.9	0.926474014640284	50000	50000	0.926136475743639	17.43308	2.24239654843777	17.3023816215303	0.627814020064006	0.833998639862021	171	225.42222	0.998585061461962	0.0101145000361347	0	0	49881	49874	3.87502497529227e-05	0.999961249750247
NC Voter	CLK	3	30	1	500	0.9	0.925700664321287	50000	50000	0.926136475743639	17.43308	2.24239654843777	17.3023816215303	0.627814020064006	0.833998639862021	171	230.47501	0.998585061461962	0.0101145000361347	0	0	49881	49874	3.87502497529227e-05	0.999961249750247
NC Voter	CLK	3	31	1	500	0.9	0.925509203378224	50000	50000	0.926136475743639	17.43308	2.24239654843777	17.3023816215303	0.627814020064006	0.833998639862021	171	235.62023	0.998585061461962	0.0101145000361347	0	0	49881	49874	3.87502497529227e-05	0.999961249750247
NC Voter	CLK	3	32	1	500	0.9	0.92552975154571	50000	50000	0.926136475743639	17.43308	2.24239654843777	17.3023816215303	0.627814020064006	0.833998639862021	171	240.98188	0.998585061461962	0.0101145000361347	0	0	49881	49874	3.87502497529227e-05	0.999961249750247
NC Voter	CLK	3	33	1	500	0.9	0.925765233510529	50000	50000	0.926136475743639	17.43308	2.24239654843777	17.3023816215303	0.627814020064006	0.833998639862021	171	246.17016	0.998585061461962	0.0101145000361347	0	0	49881	49874	3.87502497529227e-05	0.999961249750247
NC Voter	CLK	3	34	1	500	0.9	0.924887865455125	50000	50000	0.926136475743639	17.43308	2.24239654843777	17.3023816215303	0.627814020064006	0.833998639862021	171	250.96084	0.998585061461962	0.0101145000361347	0	0	49881	49874	3.87502497529227e-05	0.999961249750247
NC Voter	CLK	3	35	1	500	0.9	0.925447089169798	50000	50000	0.926136475743639	17.43308	2.24239654843777	17.3023816215303	0.627814020064006	0.833998639862021	171	256.89731	0.998585061461962	0.0101145000361347	0	0	49881	49874	3.87502497529227e-05	0.999961249750247
NC Voter	CLK	3	36	1	500	0.9	0.92471510676965	50000	50000	0.926136475743639	17.43308	2.24239654843777	17.3023816215303	0.627814020064006	0.833998639862021	171	262.41489	0.998585061461962	0.0101145000361347	0	0	49881	49874	3.87502497529227e-05	0.999961249750247
NC Voter	CLK	3	37	1	500	0.9	0.924148207247298	50000	50000	0.926136475743639	17.43308	2.24239654843777	17.3023816215303	0.627814020064006	0.833998639862021	171	266.37002	0.998585061461962	0.0101145000361347	0	0	49881	49874	3.87502497529227e-05	0.999961249750247
NC Voter	CLK	3	38	1	500	0.9	0.923728495013599	50000	50000	0.926136475743639	17.43308	2.24239654843777	17.3023816215303	0.627814020064006	0.833998639862021	171	270.81353	0.998585061461962	0.0101145000361347	0	0	49881	49874	3.87502497529227e-05	0.999961249750247
NC Voter	CLK	3	39	1	500	0.9	0.924356629534678	50000	50000	0.926136475743639	17.43308	2.24239654843777	17.3023816215303	0.627814020064006	0.833998639862021	171	275.31926	0.998585061461962	0.0101145000361347	0	0	49881	49874	3.87502497529227e-05	0.999961249750247
NC Voter	CLK	3	40	1	500	0.9	0.923596298326275	50000	50000	0.926136475743639	17.43308	2.24239654843777	17.3023816215303	0.627814020064006	0.833998639862021	171	279.75931	0.998585061461962	0.0101145000361347	0	0	49881	49874	3.87502497529227e-05	0.999961249750247
NC Voter	CLK	4	1	1	500	0.9	0.927198460171272	50000	50000	0.926136475743639	17.43308	2.24239654843777	24.329367463114	0.627814020064006	0.812579358755802	22	7.43391	0.999823698279462	0.00408254867932626	0	0	49876	49869	3.87502497529227e-05	0.999961249750247
NC Voter	CLK	4	2	1	500	0.9	0.927215828428997	50000	50000	0.926136475743639	17.43308	2.24239654843777	24.329367463114	0.627814020064006	0.812579358755802	22	14.74038	0.999823698279462	0.00408254867932626	0	0	49881	49874	3.87502497529227e-05	0.999961249750247
NC Voter	CLK	4	3	1	500	0.9	0.927472627204728	50000	50000	0.926136475743639	17.43308	2.24239654843777	24.329367463114	0.627814020064006	0.812579358755802	22	21.93008	0.999823698279462	0.00408254867932626	0	0	49881	49874	3.87502497529227e-05	0.999961249750247
NC Voter	CLK	4	4	1	500	0.9	0.927393728445788	50000	50000	0.926136475743639	17.43308	2.24239654843777	24.329367463114	0.627814020064006	0.812579358755802	22	28.96917	0.999823698279462	0.00408254867932626	0	0	49881	49874	3.87502497529227e-05	0.999961249750247
NC Voter	CLK	4	5	1	500	0.9	0.927498383745094	50000	50000	0.926136475743639	17.43308	2.24239654843777	24.329367463114	0.627814020064006	0.812579358755802	22	35.95658	0.999823698279462	0.00408254867932626	0	0	49881	49874	3.87502497529227e-05	0.999961249750247
NC Voter	CLK	4	6	1	500	0.9	0.927512675210715	50000	50000	0.926136475743639	17.43308	2.24239654843777	24.329367463114	0.627814020064006	0.812579358755802	22	42.82739	0.999823698279462	0.00408254867932626	0	0	49881	49874	3.87502497529227e-05	0.999961249750247
NC Voter	CLK	4	7	1	500	0.9	0.927475434059845	50000	50000	0.926136475743639	17.43308	2.24239654843777	24.329367463114	0.627814020064006	0.812579358755802	22	49.50479	0.999823698279462	0.00408254867932626	0	0	49881	49874	3.87502497529227e-05	0.999961249750247
NC Voter	CLK	4	8	1	500	0.9	0.9275602045528	50000	50000	0.926136475743639	17.43308	2.24239654843777	24.329367463114	0.627814020064006	0.812579358755802	22	56.18179	0.999823698279462	0.00408254867932626	0	0	49881	49874	3.87502497529227e-05	0.999961249750247
NC Voter	CLK	4	9	1	500	0.9	0.927488314438108	50000	50000	0.926136475743639	17.43308	2.24239654843777	24.329367463114	0.627814020064006	0.812579358755802	22	62.65701	0.999823698279462	0.00408254867932626	0	0	49881	49874	3.87502497529227e-05	0.999961249750247
NC Voter	CLK	4	10	1	500	0.9	0.927396825440783	50000	50000	0.926136475743639	17.43308	2.24239654843777	24.329367463114	0.627814020064006	0.812579358755802	22	69.09693	0.999823698279462	0.00408254867932626	0	0	49881	49874	3.87502497529227e-05	0.999961249750247
NC Voter	CLK	4	11	1	500	0.9	0.927458656082703	50000	50000	0.926136475743639	17.43308	2.24239654843777	24.329367463114	0.627814020064006	0.812579358755802	22	75.50192	0.999823698279462	0.00408254867932626	0	0	49881	49874	3.87502497529227e-05	0.999961249750247
NC Voter	CLK	4	12	1	500	0.9	0.927432619844439	50000	50000	0.926136475743639	17.43308	2.24239654843777	24.329367463114	0.627814020064006	0.812579358755802	22	81.74357	0.999823698279462	0.00408254867932626	0	0	49881	49874	3.87502497529227e-05	0.999961249750247
NC Voter	CLK	4	13	1	500	0.9	0.927474303814997	50000	50000	0.926136475743639	17.43308	2.24239654843777	24.329367463114	0.627814020064006	0.812579358755802	22	87.74434	0.999823698279462	0.00408254867932626	0	0	49881	49874	3.87502497529227e-05	0.999961249750247
NC Voter	CLK	4	14	1	500	0.9	0.927363821567858	50000	50000	0.926136475743639	17.43308	2.24239654843777	24.329367463114	0.627814020064006	0.812579358755802	22	93.78325	0.999823698279462	0.00408254867932626	0	0	49881	49874	3.87502497529227e-05	0.999961249750247
NC Voter	CLK	4	15	1	500	0.9	0.927431224583997	50000	50000	0.926136475743639	17.43308	2.24239654843777	24.329367463114	0.627814020064006	0.812579358755802	22	99.62393	0.999823698279462	0.00408254867932626	0	0	49881	49874	3.87502497529227e-05	0.999961249750247
NC Voter	CLK	4	16	1	500	0.9	0.927289934966099	50000	50000	0.926136475743639	17.43308	2.24239654843777	24.329367463114	0.627814020064006	0.812579358755802	22	105.51008	0.999823698279462	0.00408254867932626	0	0	49881	49874	3.87502497529227e-05	0.999961249750247
NC Voter	CLK	4	17	1	500	0.9	0.927320169491525	50000	50000	0.926136475743639	17.43308	2.24239654843777	24.329367463114	0.627814020064006	0.812579358755802	22	111.26752	0.999823698279462	0.00408254867932626	0	0	49881	49874	3.87502497529227e-05	0.999961249750247
NC Voter	CLK	4	18	1	500	0.9	0.927335749803958	50000	50000	0.926136475743639	17.43308	2.24239654843777	24.329367463114	0.627814020064006	0.812579358755802	22	116.87546	0.999823698279462	0.00408254867932626	0	0	49881	49874	3.87502497529227e-05	0.999961249750247
NC Voter	CLK	4	19	1	500	0.9	0.927324295302013	50000	50000	0.926136475743639	17.43308	2.24239654843777	24.329367463114	0.627814020064006	0.812579358755802	22	122.29494	0.999823698279462	0.00408254867932626	0	0	49881	49874	3.87502497529227e-05	0.999961249750247
NC Voter	CLK	4	20	1	500	0.9	0.926946592920354	50000	50000	0.926136475743639	17.43308	2.24239654843777	24.329367463114	0.627814020064006	0.812579358755802	22	127.9227	0.999823698279462	0.00408254867932626	0	0	49881	49874	3.87502497529227e-05	0.999961249750247
NC Voter	CLK	4	21	1	500	0.9	0.927365981181246	50000	50000	0.926136475743639	17.43308	2.24239654843777	24.329367463114	0.627814020064006	0.812579358755802	22	133.17742	0.999823698279462	0.00408254867932626	0	0	49881	49874	3.87502497529227e-05	0.999961249750247
NC Voter	CLK	4	22	1	500	0.9	0.927316565712442	50000	50000	0.926136475743639	17.43308	2.24239654843777	24.329367463114	0.627814020064006	0.812579358755802	22	138.61516	0.999823698279462	0.00408254867932626	0	0	49881	49874	3.87502497529227e-05	0.999961249750247
NC Voter	CLK	4	23	1	500	0.9	0.927038041275106	50000	50000	0.926136475743639	17.43308	2.24239654843777	24.329367463114	0.627814020064006	0.812579358755802	22	143.90729	0.999823698279462	0.00408254867932626	0	0	49881	49874	3.87502497529227e-05	0.999961249750247
NC Voter	CLK	4	24	1	500	0.9	0.926767084916742	50000	50000	0.926136475743639	17.43308	2.24239654843777	24.329367463114	0.627814020064006	0.812579358755802	22	148.90385	0.999823698279462	0.00408254867932626	0	0	49881	49874	3.87502497529227e-05	0.999961249750247
NC Voter	CLK	4	25	1	500	0.9	0.92693520437536	50000	50000	0.926136475743639	17.43308	2.24239654843777	24.329367463114	0.627814020064006	0.812579358755802	22	154.01474	0.999823698279462	0.00408254867932626	0	0	49881	49874	3.87502497529227e-05	0.999961249750247
NC Voter	CLK	4	26	1	500	0.9	0.926647143646155	50000	50000	0.926136475743639	17.43308	2.24239654843777	24.329367463114	0.627814020064006	0.812579358755802	22	159.01736	0.999823698279462	0.00408254867932626	0	0	49881	49874	3.87502497529227e-05	0.999961249750247
NC Voter	CLK	4	27	1	500	0.9	0.926761262314704	50000	50000	0.926136475743639	17.43308	2.24239654843777	24.329367463114	0.627814020064006	0.812579358755802	22	163.73191	0.999823698279462	0.00408254867932626	0	0	49881	49874	3.87502497529227e-05	0.999961249750247
NC Voter	CLK	4	28	1	500	0.9	0.926993082767353	50000	50000	0.926136475743639	17.43308	2.24239654843777	24.329367463114	0.627814020064006	0.812579358755802	22	168.76816	0.999823698279462	0.00408254867932626	0	0	49881	49874	3.87502497529227e-05	0.999961249750247
NC Voter	CLK	4	29	1	500	0.9	0.926784582969131	50000	50000	0.926136475743639	17.43308	2.24239654843777	24.329367463114	0.627814020064006	0.812579358755802	22	173.6011	0.999823698279462	0.00408254867932626	0	0	49881	49874	3.87502497529227e-05	0.999961249750247
NC Voter	CLK	4	30	1	500	0.9	0.926597276741565	50000	50000	0.926136475743639	17.43308	2.24239654843777	24.329367463114	0.627814020064006	0.812579358755802	22	178.09921	0.999823698279462	0.00408254867932626	0	0	49881	49874	3.87502497529227e-05	0.999961249750247
NC Voter	CLK	4	31	1	500	0.9	0.926736371832023	50000	50000	0.926136475743639	17.43308	2.24239654843777	24.329367463114	0.627814020064006	0.812579358755802	22	182.77544	0.999823698279462	0.00408254867932626	0	0	49881	49874	3.87502497529227e-05	0.999961249750247
NC Voter	CLK	4	32	1	500	0.9	0.92684256462147	50000	50000	0.926136475743639	17.43308	2.24239654843777	24.329367463114	0.627814020064006	0.812579358755802	22	186.95481	0.999823698279462	0.00408254867932626	0	0	49881	49874	3.87502497529227e-05	0.999961249750247
NC Voter	CLK	4	33	1	500	0.9	0.926011751038869	50000	50000	0.926136475743639	17.43308	2.24239654843777	24.329367463114	0.627814020064006	0.812579358755802	22	191.87073	0.999823698279462	0.00408254867932626	0	0	49881	49874	3.87502497529227e-05	0.999961249750247
NC Voter	CLK	4	34	1	500	0.9	0.925618059468637	50000	50000	0.926136475743639	17.43308	2.24239654843777	24.329367463114	0.627814020064006	0.812579358755802	22	196.36703	0.999823698279462	0.00408254867932626	0	0	49881	49874	3.87502497529227e-05	0.999961249750247
NC Voter	CLK	4	35	1	500	0.9	0.926131916871314	50000	50000	0.926136475743639	17.43308	2.24239654843777	24.329367463114	0.627814020064006	0.812579358755802	22	200.56408	0.999823698279462	0.00408254867932626	0	0	49881	49874	3.87502497529227e-05	0.999961249750247
NC Voter	CLK	4	36	1	500	0.9	0.926162269243127	50000	50000	0.926136475743639	17.43308	2.24239654843777	24.329367463114	0.627814020064006	0.812579358755802	22	204.55924	0.999823698279462	0.00408254867932626	0	0	49881	49874	3.87502497529227e-05	0.999961249750247
NC Voter	CLK	4	37	1	500	0.9	0.924842783590119	50000	50000	0.926136475743639	17.43308	2.24239654843777	24.329367463114	0.627814020064006	0.812579358755802	22	209.01661	0.999823698279462	0.00408254867932626	0	0	49881	49874	3.87502497529227e-05	0.999961249750247
NC Voter	CLK	4	38	1	500	0.9	0.925240128205128	50000	50000	0.926136475743639	17.43308	2.24239654843777	24.329367463114	0.627814020064006	0.812579358755802	22	212.85608	0.999823698279462	0.00408254867932626	0	0	49881	49874	3.87502497529227e-05	0.999961249750247
NC Voter	CLK	4	39	1	500	0.9	0.92568982923419	50000	50000	0.926136475743639	17.43308	2.24239654843777	24.329367463114	0.627814020064006	0.812579358755802	22	216.98344	0.999823698279462	0.00408254867932626	0	0	49881	49874	3.87502497529227e-05	0.999961249750247
NC Voter	CLK	4	40	1	500	0.9	0.92518709265322	50000	50000	0.926136475743639	17.43308	2.24239654843777	24.329367463114	0.627814020064006	0.812579358755802	22	220.91677	0.999823698279462	0.00408254867932626	0	0	49881	49874	3.87502497529227e-05	0.999961249750247
